{"type":"Feature", "properties":{"_id":"5792454ebb62a0532d7a4e73", "age":26, "eyeColor":"blue", "name":"Dean Valdez", "gender":"male", "company":"DARWINIUM", "email":"deanvaldez@darwinium.com", "phone":"+1 (933) 554-3178", "address":"188 Atlantic Avenue, Hickory, Michigan, 833", "about":"Consectetur sit ex et magna anim eu aliquip irure aute ea magna. Elit occaecat reprehenderit proident laboris eu minim est veniam nisi anim id. Lorem laboris eu dolor quis dolor fugiat aliqua magna. Elit est consectetur veniam consequat labore velit quis non duis ex in eu. Non excepteur consectetur consectetur sunt qui ea anim nisi ea.\r\n", "features":["Asimiline", "Ohmnet", "Bizmatic", "Bytrex"], "industry":"Mixers", "postalCode":91541, "registered":"2014-06-16T05:47:25 +07:00"}, "geometry":{"type":"Point", "coordinates":[-90.4267, 37.1545]}}