{"type":"Feature", "properties":{"_id":"5792454fcc311a2e57bc38d3", "age":28, "eyeColor":"green", "name":"Kristin Madden", "gender":"female", "company":"TERAPRENE", "email":"kristinmadden@teraprene.com", "phone":"+1 (909) 404-2910", "address":"868 Vermont Street, Calverton, Guam, 6064", "about":"Excepteur commodo dolor laboris ipsum qui officia aute est. Dolor excepteur Lorem enim consequat mollit officia non excepteur nulla eu incididunt ad et nostrud. Laborum reprehenderit esse laboris eiusmod consectetur Lorem. Pariatur ipsum deserunt sunt ullamco irure consequat cupidatat consectetur consequat. Duis ullamco do pariatur aliquip aute aliquip cupidatat sunt reprehenderit reprehenderit enim. Sit culpa nisi in minim aute ullamco quis eu proident consequat in labore anim. Deserunt cupidatat non excepteur excepteur ad in anim sunt ullamco do.\r\n", "features":["Ziggles", "Qimonk", "Synkgen", "Matrixity"], "industry":"Tourmania", "postalCode":97659, "registered":"2015-02-04T08:09:37 +08:00"}, "geometry":{"type":"Point", "coordinates":[-150.4017, -59.2803]}}