{"type":"Feature", "properties":{"_id":"5792454f78f4b4b1ec6c8695", "age":21, "eyeColor":"green", "name":"Russell Hartman", "gender":"male", "company":"SUSTENZA", "email":"russellhartman@sustenza.com", "phone":"+1 (839) 578-3804", "address":"495 Doscher Street, Darbydale, Missouri, 5007", "about":"Dolore ex sint incididunt mollit veniam consectetur sint. Deserunt adipisicing irure ad enim esse ipsum. In qui consectetur pariatur consequat dolore pariatur ea aliqua tempor eiusmod officia. Magna pariatur magna dolore ea sit dolore non qui amet. Est occaecat tempor ullamco minim. Do enim labore pariatur dolore laboris aute dolore ipsum sunt.\r\n", "features":["Opticall", "Geoforma", "Quordate", "Bunga"], "industry":"Velity", "postalCode":96443, "registered":"2016-05-27T08:34:03 +07:00"}, "geometry":{"type":"Point", "coordinates":[40.4485, -34.2924]}}