{"type":"Feature", "properties":{"_id":"5792454fe4f81205b27bee92", "age":23, "eyeColor":"green", "name":"Dillon Hopkins", "gender":"male", "company":"TERRASYS", "email":"dillonhopkins@terrasys.com", "phone":"+1 (850) 582-2801", "address":"649 Alton Place, Kent, Utah, 9028", "about":"Nisi anim id anim quis qui dolor. Quis do veniam proident do sit. Mollit tempor commodo mollit officia excepteur. Esse sit quis excepteur tempor consequat ex sint consectetur. Ipsum est dolor enim enim dolor. Ex exercitation sint consectetur consequat amet cillum cupidatat incididunt occaecat ullamco.\r\n", "features":["Enerforce", "Progenex", "Miraclis", "Hotcakes"], "industry":"Puria", "postalCode":88256, "registered":"2015-08-30T09:37:08 +07:00"}, "geometry":{"type":"Point", "coordinates":[-139.638, -10.3188]}}