{"type":"Feature", "properties":{"_id":"5792454f3bd61357125ccf85", "age":40, "eyeColor":"green", "name":"Emma Banks", "gender":"female", "company":"UPDAT", "email":"emmabanks@updat.com", "phone":"+1 (803) 455-2441", "address":"495 College Place, Disautel, Kansas, 3473", "about":"Anim dolore qui qui veniam fugiat pariatur. Non ipsum cillum culpa nostrud aliqua ipsum ullamco. Aute cillum quis ullamco occaecat commodo nulla culpa pariatur tempor aliquip.\r\n", "features":["Nikuda", "Brainquil", "Dogspa", "Kinetica"], "industry":"Zentia", "postalCode":80560, "registered":"2015-07-28T05:42:14 +07:00"}, "geometry":{"type":"Point", "coordinates":[-104.1524, 4.8783]}}