{"type":"Feature", "properties":{"_id":"5792454f439c27b4736f7a7f", "age":21, "eyeColor":"brown", "name":"Mattie Carpenter", "gender":"female", "company":"MOMENTIA", "email":"mattiecarpenter@momentia.com", "phone":"+1 (937) 472-3804", "address":"487 Jamison Lane, Coaldale, New Hampshire, 1895", "about":"Sint officia aliqua sit et officia eiusmod. Nulla ut ut ea sit est pariatur tempor anim ea tempor. Deserunt ullamco velit excepteur officia incididunt sint. Aliquip sint aute cillum consectetur cillum excepteur Lorem amet excepteur ullamco. Veniam nostrud occaecat deserunt aliquip ullamco deserunt sint consectetur voluptate. Est irure dolore enim exercitation. Eiusmod ut qui reprehenderit ut aute culpa mollit consectetur ullamco dolor.\r\n", "features":[], "industry":"Intergeek", "postalCode":82548, "registered":"2016-03-22T06:03:50 +07:00"}, "geometry":{"type":"Point", "coordinates":[83.6047, 44.6984]}}