{"type":"Feature", "properties":{"_id":"5792454f01d43998ba765e46", "age":35, "eyeColor":"green", "name":"Franks Fry", "gender":"male", "company":"UNI", "email":"franksfry@uni.com", "phone":"+1 (894) 524-3420", "address":"402 Baycliff Terrace, Hayden, Nevada, 3826", "about":"Ipsum velit ut quis aliqua officia anim dolore esse sunt tempor sit. Anim sint irure est officia ullamco mollit consectetur id eu adipisicing enim occaecat. Aliquip ex pariatur amet magna officia. Cillum ullamco laboris aliquip culpa dolor consectetur tempor aliquip qui aliqua. Adipisicing qui ut incididunt labore ex mollit nostrud cupidatat. Cupidatat dolor Lorem duis id sit mollit pariatur. Commodo ex consequat quis exercitation.\r\n", "features":["Zilodyne", "Quonata", "Ecstasia", "Zensure"], "industry":"Naxdis", "postalCode":80049, "registered":"2015-08-05T09:55:48 +07:00"}, "geometry":{"type":"Point", "coordinates":[-71.2129, -3.2975]}}