{"type":"Feature", "properties":{"_id":"5792454f72dc39dac1a0c988", "age":33, "eyeColor":"green", "name":"Rojas Roberts", "gender":"male", "company":"GEEKWAGON", "email":"rojasroberts@geekwagon.com", "phone":"+1 (982) 418-2560", "address":"784 Leonard Street, Sims, American Samoa, 5944", "about":"Laboris enim irure anim enim occaecat amet adipisicing proident. Ipsum mollit ut ad quis nostrud exercitation labore ullamco non nulla reprehenderit enim commodo enim. Dolore consequat ea pariatur adipisicing occaecat mollit elit sint tempor.\r\n", "features":["Velos", "Accupharm"], "industry":"Ersum", "postalCode":95852, "registered":"2016-03-04T10:22:58 +08:00"}, "geometry":{"type":"Point", "coordinates":[72.8817, -89.4983]}}