{"type":"Feature", "properties":{"_id":"5792454f21afa114b656be44", "age":22, "eyeColor":"blue", "name":"Lou Blankenship", "gender":"female", "company":"ZILLA", "email":"loublankenship@zilla.com", "phone":"+1 (801) 483-2310", "address":"828 Lafayette Avenue, Falmouth, Texas, 2803", "about":"Amet exercitation reprehenderit fugiat laboris minim consequat. Excepteur magna exercitation ea sit anim est officia magna ipsum. Sint veniam pariatur pariatur consequat consequat sint ea fugiat minim dolor do do.\r\n", "features":["Netplax", "Prismatic"], "industry":"Isonus", "postalCode":94248, "registered":"2014-02-10T02:21:41 +08:00"}, "geometry":{"type":"Point", "coordinates":[-14.7265, -76.1473]}}