{"type":"Feature", "properties":{"_id":"5792454fad86e7e3bdbb3ad7", "age":40, "eyeColor":"green", "name":"Yang Carrillo", "gender":"male", "company":"STOCKPOST", "email":"yangcarrillo@stockpost.com", "phone":"+1 (947) 531-3778", "address":"498 Langham Street, Choctaw, Washington, 6889", "about":"Eiusmod quis proident laboris aliqua aute veniam duis voluptate. Minim qui laboris commodo consectetur consequat cupidatat minim tempor duis. Mollit irure anim minim tempor quis deserunt.\r\n", "features":["Visualix"], "industry":"Zilch", "postalCode":80454, "registered":"2016-05-17T02:46:41 +07:00"}, "geometry":{"type":"Point", "coordinates":[113.3094, -85.4234]}}