{"type":"Feature", "properties":{"_id":"5792454fb5fe35bfccc4d780", "age":36, "eyeColor":"blue", "name":"Tamra Walsh", "gender":"female", "company":"AMRIL", "email":"tamrawalsh@amril.com", "phone":"+1 (823) 506-2684", "address":"431 Ocean Parkway, Cashtown, Delaware, 3722", "about":"Exercitation est in ex ullamco veniam ullamco ex sunt velit. Aute adipisicing minim tempor irure ullamco voluptate. Nulla do proident deserunt officia occaecat qui magna et pariatur proident velit eu cupidatat et. Occaecat aliquip magna est eiusmod tempor enim ea aute aute. Ad duis ad ad duis ullamco in esse et.\r\n", "features":["Geekology", "Zolavo", "Insuresys"], "industry":"Handshake", "postalCode":83251, "registered":"2015-11-12T03:29:17 +08:00"}, "geometry":{"type":"Point", "coordinates":[171.1637, 7.9682]}}