{"type":"Feature", "properties":{"_id":"5792454f1b428cae2680312c", "age":36, "eyeColor":"green", "name":"Haley Beach", "gender":"female", "company":"SLAX", "email":"haleybeach@slax.com", "phone":"+1 (964) 468-3997", "address":"431 Fayette Street, Caron, Tennessee, 3452", "about":"Ut culpa aute dolore ex duis commodo sunt. Voluptate velit voluptate nulla amet laborum amet nostrud est enim aliquip officia ea Lorem Lorem. Eu enim voluptate cillum culpa nisi sit. Officia culpa culpa veniam deserunt laboris nisi ut ut duis esse. Ullamco consequat culpa minim esse nulla occaecat. Aliqua commodo pariatur ea tempor fugiat cupidatat dolor culpa labore occaecat tempor ad.\r\n", "features":["Canopoly", "Fiberox", "Fibrodyne", "Overplex"], "industry":"Lunchpad", "postalCode":81758, "registered":"2015-02-09T04:18:33 +08:00"}, "geometry":{"type":"Point", "coordinates":[-27.4338, -76.8058]}}