{"type":"Feature", "properties":{"_id":"5792454f0d69adaa79dcf430", "age":40, "eyeColor":"blue", "name":"Avis Conner", "gender":"female", "company":"HALAP", "email":"avisconner@halap.com", "phone":"+1 (885) 483-3070", "address":"503 Seigel Street, Caberfae, New Jersey, 7085", "about":"Sit aliquip laboris anim enim ea incididunt cupidatat ad quis proident cillum duis. Anim sunt enim consequat eu adipisicing Lorem quis magna. Consequat voluptate exercitation nulla aliqua officia ut sunt deserunt ipsum tempor reprehenderit. In nisi et voluptate culpa Lorem duis aliqua ex proident sint adipisicing proident mollit. Ad eiusmod nostrud aute voluptate id non.\r\n", "features":[], "industry":"Comtrek", "postalCode":85655, "registered":"2015-04-08T12:43:23 +07:00"}, "geometry":{"type":"Point", "coordinates":[-143.6753, 57.3859]}}