{"type":"Feature", "properties":{"_id":"5792454f28d692fa510c709f", "age":28, "eyeColor":"blue", "name":"Kayla Espinoza", "gender":"female", "company":"FRENEX", "email":"kaylaespinoza@frenex.com", "phone":"+1 (851) 587-2164", "address":"917 Gerritsen Avenue, Garberville, Massachusetts, 6234", "about":"Labore consectetur in elit excepteur ullamco voluptate tempor mollit officia deserunt magna sunt. Nostrud consectetur dolor adipisicing qui reprehenderit aute ex consequat laboris commodo cupidatat occaecat id est. Eiusmod proident ea ex nisi dolore ad minim eu.\r\n", "features":["Klugger", "Gorganic", "Centree"], "industry":"Shadease", "postalCode":88158, "registered":"2015-05-13T03:22:44 +07:00"}, "geometry":{"type":"Point", "coordinates":[111.9274, -66.1038]}}