{"type":"Feature", "properties":{"_id":"5792454f421efd8c3ff1b616", "age":31, "eyeColor":"blue", "name":"Stein Hutchinson", "gender":"male", "company":"SLOFAST", "email":"steinhutchinson@slofast.com", "phone":"+1 (968) 587-3043", "address":"585 McKibben Street, Bennett, Vermont, 3110", "about":"Tempor pariatur elit do deserunt aliquip nostrud anim voluptate irure Lorem. Sit eu ullamco excepteur nostrud mollit ut non id nostrud proident consectetur anim. Incididunt nisi velit cupidatat incididunt reprehenderit ullamco eu. Excepteur deserunt enim deserunt eiusmod anim do deserunt aute consectetur ullamco sint voluptate irure quis.\r\n", "features":["Cowtown", "Sealoud"], "industry":"Comtrail", "postalCode":91453, "registered":"2015-01-27T01:24:33 +08:00"}, "geometry":{"type":"Point", "coordinates":[23.8993, 14.345]}}