{"type":"Feature", "properties":{"_id":"5792454f85bb0fb169e4192e", "age":31, "eyeColor":"green", "name":"Erickson Marshall", "gender":"male", "company":"PYRAMIS", "email":"ericksonmarshall@pyramis.com", "phone":"+1 (815) 428-3420", "address":"919 Jerome Avenue, Chemung, Connecticut, 1429", "about":"Nisi consequat ipsum anim velit labore veniam commodo occaecat adipisicing nostrud non. Mollit velit cillum ipsum sint. Culpa excepteur aliquip labore cillum.\r\n", "features":["Waterbaby"], "industry":"Orbiflex", "postalCode":94040, "registered":"2015-02-09T09:55:26 +08:00"}, "geometry":{"type":"Point", "coordinates":[49.8597, -87.5475]}}