{"type":"Feature", "properties":{"_id":"5792454f20833bee2c7f4328", "age":21, "eyeColor":"blue", "name":"Delaney Parsons", "gender":"male", "company":"SLOGANAUT", "email":"delaneyparsons@sloganaut.com", "phone":"+1 (971) 532-3683", "address":"902 Robert Street, Dalton, New Hampshire, 6114", "about":"Culpa labore magna consectetur culpa adipisicing aute fugiat magna. Velit labore aute aliquip labore sit. Sunt id laboris sunt excepteur Lorem cupidatat cupidatat nisi nulla mollit irure ex exercitation. Ullamco quis elit tempor consectetur irure veniam.\r\n", "features":["Lumbrex", "Avenetro"], "industry":"Telpod", "postalCode":92554, "registered":"2015-07-05T04:52:49 +07:00"}, "geometry":{"type":"Point", "coordinates":[-179.2538, 47.7135]}}