{"type":"Feature", "properties":{"_id":"5792454f8586df4a7c904452", "age":29, "eyeColor":"blue", "name":"Roxie Nolan", "gender":"female", "company":"CENTREGY", "email":"roxienolan@centregy.com", "phone":"+1 (964) 552-3346", "address":"476 Henderson Walk, Chamberino, Mississippi, 7644", "about":"Voluptate laboris cupidatat excepteur eu magna cupidatat do esse ipsum pariatur excepteur laborum adipisicing aliqua. Cillum commodo quis consectetur fugiat velit qui sint. Ea officia cupidatat adipisicing commodo. Sit elit qui ex anim id tempor id. Cupidatat voluptate consectetur elit laboris est eiusmod minim excepteur anim anim. Duis minim sint aute elit sit eu. Dolor exercitation et excepteur proident excepteur ex excepteur et tempor dolore elit sit ex consectetur.\r\n", "features":["Zaggle", "Oronoko", "Squish"], "industry":"Kidgrease", "postalCode":96056, "registered":"2015-07-04T11:39:35 +07:00"}, "geometry":{"type":"Point", "coordinates":[-34.9403, 28.615]}}