{"type":"Feature", "properties":{"_id":"5792454fed8e4af149fa9927", "age":35, "eyeColor":"green", "name":"Freeman Albert", "gender":"male", "company":"KINDALOO", "email":"freemanalbert@kindaloo.com", "phone":"+1 (983) 413-3644", "address":"531 Bridge Street, Wiscon, Kentucky, 2993", "about":"Nisi sit officia dolor reprehenderit deserunt tempor aliqua. Voluptate ullamco eiusmod ipsum non elit fugiat mollit proident in. Magna labore dolor tempor est eiusmod est voluptate occaecat mollit exercitation qui deserunt. Reprehenderit Lorem laboris ipsum dolore ipsum. Dolor nisi velit mollit eiusmod laborum non ea Lorem mollit. Eu proident cupidatat ullamco adipisicing.\r\n", "features":["Enthaze", "Deepends"], "industry":"Keeg", "postalCode":86343, "registered":"2015-12-26T11:49:25 +08:00"}, "geometry":{"type":"Point", "coordinates":[159.1566, -27.0986]}}