{"type":"Feature", "properties":{"_id":"5792454f5e947de183dc9c62", "age":20, "eyeColor":"blue", "name":"Jo Dotson", "gender":"female", "company":"ANOCHA", "email":"jodotson@anocha.com", "phone":"+1 (800) 438-2425", "address":"974 Fair Street, Cannondale, Georgia, 2769", "about":"Ex fugiat Lorem mollit id minim culpa aute elit aute proident ut aute. Laborum eiusmod dolore aliqua do est. Non fugiat sit eiusmod irure esse nisi ut quis aute in sit ipsum ipsum ullamco. Sunt minim incididunt ut reprehenderit incididunt voluptate eiusmod excepteur do nostrud labore amet exercitation mollit. Nulla laboris ad veniam deserunt consequat nostrud reprehenderit veniam aliqua eiusmod deserunt dolor. Mollit anim Lorem aliquip eiusmod tempor. Cillum aliqua excepteur sint consectetur.\r\n", "features":["Cuizine", "Maxemia", "Opportech"], "industry":"Snips", "postalCode":88554, "registered":"2014-11-30T02:20:34 +08:00"}, "geometry":{"type":"Point", "coordinates":[39.7172, 19.2686]}}