{"type":"Feature", "properties":{"_id":"5792454fc2e0d05bcbe67fe8", "age":38, "eyeColor":"green", "name":"Serrano England", "gender":"male", "company":"GENMOM", "email":"serranoengland@genmom.com", "phone":"+1 (885) 433-2024", "address":"733 Roder Avenue, Malott, Arizona, 1665", "about":"Ullamco cillum dolor irure sint excepteur duis qui Lorem. Exercitation et enim magna dolore excepteur ipsum et sit eiusmod. Ullamco consectetur laborum incididunt ullamco occaecat aliqua ea in dolor exercitation esse aute. Ad proident incididunt cupidatat et proident dolor ipsum Lorem laboris. Elit tempor proident ut mollit in.\r\n", "features":["Exodoc", "Exoswitch", "Beadzza", "Cinaster"], "industry":"Rooforia", "postalCode":94156, "registered":"2015-10-04T05:56:28 +07:00"}, "geometry":{"type":"Point", "coordinates":[-2.5045, 1.2555]}}