{"type":"Feature", "properties":{"_id":"5792454f675614a04786b18e", "age":29, "eyeColor":"brown", "name":"Latonya Odom", "gender":"female", "company":"KEGULAR", "email":"latonyaodom@kegular.com", "phone":"+1 (918) 448-3823", "address":"991 Banker Street, Lutsen, Oklahoma, 7690", "about":"Aliquip minim officia exercitation voluptate ad ullamco est consequat. Nostrud pariatur officia minim sunt do in non quis occaecat tempor. Officia velit irure mollit amet nisi proident ut adipisicing adipisicing exercitation. Ea irure elit ullamco cupidatat consectetur deserunt esse veniam ut velit dolore ad et aliquip. Ex cillum enim pariatur proident irure elit sunt enim ad dolore pariatur. Tempor ullamco culpa qui labore irure in sunt.\r\n", "features":[], "industry":"Fuelton", "postalCode":84542, "registered":"2015-07-01T09:42:54 +07:00"}, "geometry":{"type":"Point", "coordinates":[-97.142, -45.6379]}}