{"type":"Feature", "properties":{"_id":"5792454f5e45dd3e482bad0d", "age":40, "eyeColor":"green", "name":"Jolene Williams", "gender":"female", "company":"ISOSTREAM", "email":"jolenewilliams@isostream.com", "phone":"+1 (817) 574-3287", "address":"732 Montauk Avenue, Ferney, Maine, 3340", "about":"Aliqua eiusmod ex exercitation tempor ipsum officia veniam. Dolore ex proident minim nisi id ipsum esse aute amet proident culpa excepteur Lorem nostrud. Incididunt elit dolore exercitation cupidatat ipsum deserunt culpa. Magna sunt exercitation laborum non do qui est officia id incididunt. Consectetur qui amet ea adipisicing veniam sunt. Nulla dolor ad pariatur mollit. Amet reprehenderit Lorem in sunt qui anim adipisicing elit aute excepteur enim.\r\n", "features":[], "industry":"Qualitern", "postalCode":98348, "registered":"2014-06-29T09:29:24 +07:00"}, "geometry":{"type":"Point", "coordinates":[-103.9125, 31.467]}}