{"type":"Feature", "properties":{"_id":"5792454fc04c45dcce9a1628", "age":39, "eyeColor":"green", "name":"Lamb Higgins", "gender":"male", "company":"PEARLESEX", "email":"lambhiggins@pearlesex.com", "phone":"+1 (928) 475-2997", "address":"160 Desmond Court, Coyote, West Virginia, 4306", "about":"Aliqua velit reprehenderit anim quis consequat aliquip ut aliqua magna ad. Cillum velit dolor consequat excepteur nisi. Officia consectetur sint anim id.\r\n", "features":["Solaren"], "industry":"Anarco", "postalCode":94059, "registered":"2015-12-06T09:21:12 +08:00"}, "geometry":{"type":"Point", "coordinates":[15.7095, -46.2129]}}