{"type":"Feature", "properties":{"_id":"5792454f9d5029e2d1b147ce", "age":22, "eyeColor":"brown", "name":"Tillman Terrell", "gender":"male", "company":"RONELON", "email":"tillmanterrell@ronelon.com", "phone":"+1 (873) 489-3093", "address":"689 Louis Place, Sedley, Georgia, 5153", "about":"Commodo adipisicing aute sint in laborum id eu in nostrud. Cillum ea cillum sint id officia. Tempor sunt velit elit ut adipisicing in eu ipsum pariatur.\r\n", "features":["Dadabase", "Comfirm", "Incubus", "Zinca"], "industry":"Viocular", "postalCode":86247, "registered":"2014-06-18T10:23:09 +07:00"}, "geometry":{"type":"Point", "coordinates":[13.0577, 41.2249]}}