{"type":"Feature", "properties":{"_id":"5792454fda0216ba9e2bd6f5", "age":29, "eyeColor":"blue", "name":"Annie Levine", "gender":"female", "company":"LOCAZONE", "email":"annielevine@locazone.com", "phone":"+1 (914) 455-3833", "address":"839 Coyle Street, Macdona, South Carolina, 7684", "about":"Id proident ex elit aute do aliquip occaecat est voluptate dolore eu. Elit est ad dolore commodo ut eiusmod nostrud consequat aliquip amet cillum. Qui laborum nulla anim non dolore tempor exercitation non adipisicing exercitation sit consectetur occaecat veniam. Cillum mollit esse fugiat laborum cupidatat. Nostrud elit laborum in occaecat sint aliquip culpa do ullamco est. Quis duis id aliqua tempor labore sit. Ad et aliqua aute consectetur.\r\n", "features":["Kyagoro", "Accidency", "Entogrok"], "industry":"Xinware", "postalCode":83145, "registered":"2015-05-08T03:54:36 +07:00"}, "geometry":{"type":"Point", "coordinates":[-70.5717, 85.2419]}}