{"type":"Feature", "properties":{"_id":"5792454fbe15d9ded88e82b8", "age":38, "eyeColor":"brown", "name":"Nguyen Patel", "gender":"male", "company":"OMNIGOG", "email":"nguyenpatel@omnigog.com", "phone":"+1 (922) 521-3778", "address":"807 Interborough Parkway, Gordon, Michigan, 897", "about":"Deserunt reprehenderit amet consectetur elit laborum non esse laboris Lorem ex occaecat qui minim. Ea irure cupidatat dolore id commodo exercitation esse ullamco labore ad tempor nulla aliquip magna. Sint et eiusmod est ex et ipsum voluptate duis Lorem duis proident elit. Fugiat voluptate consectetur sunt sunt qui eiusmod.\r\n", "features":["Sultrax"], "industry":"Assurity", "postalCode":81258, "registered":"2016-07-01T07:17:33 +07:00"}, "geometry":{"type":"Point", "coordinates":[-81.8441, 63.9508]}}