{"type":"Feature", "properties":{"_id":"5792454fcdcf3f08b470d9ce", "age":30, "eyeColor":"green", "name":"Hollie Bradford", "gender":"female", "company":"DATACATOR", "email":"holliebradford@datacator.com", "phone":"+1 (875) 461-3098", "address":"884 Anna Court, Wikieup, California, 1778", "about":"Voluptate aute consequat ut fugiat adipisicing do mollit. Eu nisi fugiat reprehenderit ea deserunt magna elit aliqua. Incididunt nostrud id incididunt non in aute veniam sit ad officia occaecat cupidatat duis magna. Sit et enim ea fugiat et mollit enim eiusmod reprehenderit laborum.\r\n", "features":["Ecosys"], "industry":"Atgen", "postalCode":83048, "registered":"2014-10-03T02:38:33 +07:00"}, "geometry":{"type":"Point", "coordinates":[-35.1964, 44.3485]}}