{"type":"Feature", "properties":{"_id":"5792454fa88c4196ea2ab97e", "age":37, "eyeColor":"green", "name":"Lindsay Dean", "gender":"female", "company":"IDETICA", "email":"lindsaydean@idetica.com", "phone":"+1 (842) 467-2717", "address":"966 Newkirk Placez, Tampico, Tennessee, 9331", "about":"Ullamco do deserunt ea commodo labore non cupidatat irure nisi culpa culpa elit elit. Voluptate do voluptate esse cillum eu velit laborum eiusmod sit consequat duis laboris. Ut eu eu occaecat tempor ullamco exercitation in sunt reprehenderit amet mollit. Est incididunt ullamco labore consequat.\r\n", "features":["Brainclip", "Harmoney"], "industry":"Rockyard", "postalCode":82742, "registered":"2016-06-20T03:55:49 +07:00"}, "geometry":{"type":"Point", "coordinates":[161.8541, -58.1289]}}