{"type":"Feature", "properties":{"_id":"5792454fcf625648a172829e", "age":34, "eyeColor":"brown", "name":"Wallace Baxter", "gender":"male", "company":"BIFLEX", "email":"wallacebaxter@biflex.com", "phone":"+1 (843) 519-3880", "address":"535 Evans Street, Flintville, Pennsylvania, 8516", "about":"Fugiat anim adipisicing veniam esse aliqua proident qui ut. Laboris proident laboris culpa quis consequat irure anim deserunt nisi ad. Proident enim eu nostrud voluptate adipisicing quis excepteur magna tempor laboris consequat.\r\n", "features":["Artiq", "Sureplex", "Signidyne", "Ontality"], "industry":"Zisis", "postalCode":80349, "registered":"2015-07-07T10:00:49 +07:00"}, "geometry":{"type":"Point", "coordinates":[-39.2423, -32.3214]}}