{"type":"Feature", "properties":{"_id":"5792454fec1b67ead1955833", "age":39, "eyeColor":"blue", "name":"Carla Harvey", "gender":"female", "company":"OVATION", "email":"carlaharvey@ovation.com", "phone":"+1 (930) 554-3929", "address":"183 Hendrickson Place, Unionville, Alabama, 6326", "about":"Do nulla velit aliquip magna cillum ea voluptate. Sit nostrud ex aute velit laboris. Ullamco reprehenderit ad qui amet. Esse Lorem pariatur culpa et excepteur non ex adipisicing do minim tempor ipsum consectetur. Culpa voluptate occaecat dolor labore duis aliqua officia amet est do proident sint deserunt. Nulla amet amet excepteur cillum. Aliquip qui ea proident ut.\r\n", "features":["Vixo", "Geostele", "Dreamia"], "industry":"Ultrasure", "postalCode":87541, "registered":"2015-09-06T09:19:45 +07:00"}, "geometry":{"type":"Point", "coordinates":[26.634, -3.9342]}}