{"type":"Feature", "properties":{"_id":"5792454f0ab6093f43841090", "age":28, "eyeColor":"brown", "name":"Osborn Lamb", "gender":"male", "company":"NIPAZ", "email":"osbornlamb@nipaz.com", "phone":"+1 (836) 526-3373", "address":"967 Alabama Avenue, Carrsville, Nebraska, 1787", "about":"Sit aute mollit ea velit amet ad dolor commodo Lorem consequat dolor ad dolore consectetur. Eu adipisicing amet culpa adipisicing dolor ad id consequat cupidatat mollit in velit in consectetur. Consequat consectetur nulla labore ex duis nostrud tempor et ipsum fugiat laboris et. Deserunt excepteur irure minim qui nulla ea proident cillum cupidatat non Lorem. Quis laborum dolor eiusmod commodo officia esse adipisicing occaecat deserunt incididunt deserunt amet esse anim. Sint elit occaecat adipisicing velit minim sunt dolore.\r\n", "features":["Chillium"], "industry":"Zenco", "postalCode":87540, "registered":"2016-05-06T02:04:07 +07:00"}, "geometry":{"type":"Point", "coordinates":[161.7221, -37.8503]}}