{"type":"Feature", "properties":{"_id":"5792454fe6211c9112080893", "age":23, "eyeColor":"brown", "name":"Mcgee Fitzgerald", "gender":"male", "company":"BLEEKO", "email":"mcgeefitzgerald@bleeko.com", "phone":"+1 (976) 457-2184", "address":"214 Midwood Street, Galesville, District Of Columbia, 2047", "about":"Ipsum culpa do dolore do cupidatat ex laborum amet quis occaecat ad. Enim mollit culpa duis consequat enim magna dolore est qui culpa. Dolore sunt dolore id amet commodo aliquip fugiat adipisicing occaecat do anim dolor ipsum adipisicing. Anim excepteur amet anim in culpa adipisicing incididunt esse velit nulla laborum et veniam cillum.\r\n", "features":["Otherway", "Tri@Tribalog"], "industry":"Isotrack", "postalCode":94157, "registered":"2015-02-03T01:17:20 +08:00"}, "geometry":{"type":"Point", "coordinates":[-42.5213, -15.9526]}}