{"type":"Feature", "properties":{"_id":"5792454fdca55fc3b2755103", "age":26, "eyeColor":"green", "name":"Mcmahon Hodges", "gender":"male", "company":"TEMORAK", "email":"mcmahonhodges@temorak.com", "phone":"+1 (948) 453-2051", "address":"805 Oriental Court, Glasgow, South Dakota, 7393", "about":"Eu enim sunt cillum laborum sunt esse Lorem enim occaecat reprehenderit. Aliquip ullamco consequat ex eu tempor duis reprehenderit fugiat ea reprehenderit. Proident enim nostrud dolore proident excepteur et minim dolore mollit officia veniam consequat eu. Cupidatat voluptate labore eiusmod esse amet elit.\r\n", "features":["Extremo"], "industry":"Isis", "postalCode":85646, "registered":"2015-04-15T02:41:03 +07:00"}, "geometry":{"type":"Point", "coordinates":[91.6569, 7.8825]}}