{"type":"Feature", "properties":{"_id":"5792454fdb3f24b215deebc9", "age":32, "eyeColor":"brown", "name":"Mcdaniel Young", "gender":"male", "company":"TETRATREX", "email":"mcdanielyoung@tetratrex.com", "phone":"+1 (913) 410-3044", "address":"403 Eaton Court, Gloucester, Idaho, 4158", "about":"Laboris sint reprehenderit ea enim duis laboris eiusmod ex. Est anim ullamco esse sunt ipsum occaecat ullamco fugiat aliquip occaecat anim labore aute. Laboris sit irure aute aliquip commodo adipisicing deserunt in. Mollit cillum labore anim duis et ea proident dolor ea pariatur eiusmod. Esse amet excepteur laborum do proident excepteur cupidatat. Magna consectetur qui labore dolor dolore adipisicing labore consequat ex.\r\n", "features":[], "industry":"Imaginart", "postalCode":80052, "registered":"2015-08-27T11:39:32 +07:00"}, "geometry":{"type":"Point", "coordinates":[27.0409, -89.3983]}}