{"type":"Feature", "properties":{"_id":"5792454e2b7068c765b7aac9", "age":32, "eyeColor":"brown", "name":"Sharpe Pratt", "gender":"male", "company":"BARKARAMA", "email":"sharpepratt@barkarama.com", "phone":"+1 (861) 494-3548", "address":"637 Buffalo Avenue, Mulberry, Wyoming, 8349", "about":"Nulla amet aliquip minim in ea. Consectetur quis elit deserunt reprehenderit. Consequat consequat Lorem nisi laborum eu magna.\r\n", "features":["Ezent", "Izzby", "Gronk", "Elita"], "industry":"Datagen", "postalCode":90550, "registered":"2014-01-28T10:58:15 +08:00"}, "geometry":{"type":"Point", "coordinates":[-106.5427, -29.3013]}}