{"type":"Feature", "properties":{"_id":"5792454fd61ec4ad0d05b54c", "age":39, "eyeColor":"green", "name":"Espinoza Mason", "gender":"male", "company":"EURON", "email":"espinozamason@euron.com", "phone":"+1 (870) 549-2596", "address":"571 Driggs Avenue, Wolcott, North Carolina, 7810", "about":"Qui exercitation et eiusmod qui. Commodo mollit ipsum magna exercitation. In id aliquip aliqua magna elit aute cillum cillum consectetur ullamco sunt laboris. Laboris amet proident nostrud proident sit pariatur. Culpa ipsum exercitation ipsum Lorem mollit do veniam consequat consequat.\r\n", "features":["Zepitope", "Endicil", "Marketoid", "Emtrac"], "industry":"Orbixtar", "postalCode":99744, "registered":"2015-09-02T06:15:18 +07:00"}, "geometry":{"type":"Point", "coordinates":[-12.253, -23.263]}}