{"type":"Feature", "properties":{"_id":"5792454f3f46092f6241e995", "age":26, "eyeColor":"blue", "name":"Elisabeth Simon", "gender":"female", "company":"CIPROMOX", "email":"elisabethsimon@cipromox.com", "phone":"+1 (965) 592-2062", "address":"969 Livingston Street, Nile, Missouri, 4126", "about":"Commodo quis fugiat laborum id cillum. Minim proident dolor sunt consequat esse non aute id id ex et esse. Dolor dolor et minim excepteur reprehenderit ex pariatur consequat anim pariatur.\r\n", "features":["Gallaxia", "Immunics"], "industry":"Netility", "postalCode":85343, "registered":"2016-07-19T06:59:44 +07:00"}, "geometry":{"type":"Point", "coordinates":[57.9562, 50.9286]}}