{"type":"Feature", "properties":{"_id":"5792454ffc0cd7b6d422cd2f", "age":28, "eyeColor":"brown", "name":"Fields Scott", "gender":"male", "company":"ENTROFLEX", "email":"fieldsscott@entroflex.com", "phone":"+1 (937) 499-2207", "address":"267 Belvidere Street, Remington, American Samoa, 6716", "about":"Enim mollit do id mollit cupidatat dolore. Laboris minim qui sunt laborum sint sit exercitation enim irure et minim minim esse minim. Et excepteur laboris proident irure labore deserunt duis nisi amet in. Lorem elit minim sint aliquip ad laboris adipisicing adipisicing velit eiusmod esse eu sint fugiat. Anim dolor et id voluptate proident ut laborum Lorem proident et. Do mollit consectetur voluptate do do sint mollit ad laborum elit laboris.\r\n", "features":["Twiggery"], "industry":"Applideck", "postalCode":87250, "registered":"2014-11-10T06:08:10 +08:00"}, "geometry":{"type":"Point", "coordinates":[108.2599, -21.0999]}}