{"type":"Feature", "properties":{"_id":"5792454f4ac00951e5a78715", "age":40, "eyeColor":"brown", "name":"Kitty Boyer", "gender":"female", "company":"KOG", "email":"kittyboyer@kog.com", "phone":"+1 (890) 564-3026", "address":"702 Harrison Place, Neibert, Washington, 9084", "about":"Magna exercitation aliqua commodo magna culpa esse elit voluptate duis ex eiusmod tempor. Laborum minim ut proident velit dolor irure. Culpa aliquip proident labore et cupidatat esse. Qui dolore qui ad in laborum. Et proident non proident do velit laborum in. Irure labore minim minim laborum qui qui fugiat ullamco quis proident. Qui do non occaecat ea aute duis adipisicing minim aute labore sint deserunt fugiat.\r\n", "features":["Baluba", "Realysis", "Cinesanct"], "industry":"Codact", "postalCode":84653, "registered":"2016-06-06T08:58:41 +07:00"}, "geometry":{"type":"Point", "coordinates":[135.1007, -52.3186]}}