{"type":"Feature", "properties":{"_id":"5792454fe85e4b0011337def", "age":29, "eyeColor":"brown", "name":"Brianna Potts", "gender":"female", "company":"VENDBLEND", "email":"briannapotts@vendblend.com", "phone":"+1 (800) 497-3048", "address":"815 Barwell Terrace, Shelby, Florida, 2917", "about":"Mollit fugiat anim irure ad aliqua nostrud Lorem labore pariatur. Aliquip esse officia cillum ex commodo nostrud in fugiat commodo officia eiusmod esse non. Mollit aliqua consequat laborum exercitation ullamco tempor et officia Lorem dolor dolor officia. Minim cupidatat nulla reprehenderit duis deserunt aute ut dolor in tempor. Sit sint exercitation consequat sunt excepteur anim dolor sunt ipsum cupidatat. In ullamco laborum nisi adipisicing.\r\n", "features":["Gology", "Comvoy", "Minga", "Kraggle"], "industry":"Qnekt", "postalCode":97854, "registered":"2015-02-21T03:08:17 +08:00"}, "geometry":{"type":"Point", "coordinates":[-14.8584, 48.9787]}}