{"type":"Feature", "properties":{"_id":"5792454f3518a642be14787e", "age":20, "eyeColor":"blue", "name":"Lenore Valencia", "gender":"female", "company":"COMTRACT", "email":"lenorevalencia@comtract.com", "phone":"+1 (844) 579-2010", "address":"474 Ridge Boulevard, Roy, Oregon, 2503", "about":"Nostrud ad commodo id ad id ut sint aliqua aute ut tempor. Incididunt mollit consectetur laborum fugiat nostrud officia ad ipsum in. Anim ad Lorem esse eiusmod deserunt anim. Ut occaecat amet Lorem quis enim veniam esse velit non eu sint. Mollit tempor aliquip nulla laboris aliquip sint incididunt consequat id ipsum irure dolore.\r\n", "features":[], "industry":"Xixan", "postalCode":82352, "registered":"2014-06-07T05:46:27 +07:00"}, "geometry":{"type":"Point", "coordinates":[-55.2577, 58.1482]}}