{"type":"Feature", "properties":{"_id":"5792454fe09326eb071dfd53", "age":35, "eyeColor":"blue", "name":"Holt Copeland", "gender":"male", "company":"OULU", "email":"holtcopeland@oulu.com", "phone":"+1 (888) 416-2383", "address":"758 Cumberland Walk, Ironton, Federated States Of Micronesia, 5722", "about":"Esse adipisicing anim qui qui adipisicing excepteur. Dolor tempor minim Lorem in id sint excepteur. Nisi anim do cupidatat duis irure veniam minim cillum.\r\n", "features":["Podunk", "Andryx", "Automon", "Escenta"], "industry":"Accusage", "postalCode":91042, "registered":"2015-01-20T10:21:30 +08:00"}, "geometry":{"type":"Point", "coordinates":[122.1525, 20.2841]}}