{"type":"Feature", "properties":{"_id":"5792454f3510a437a9c9a3a6", "age":34, "eyeColor":"blue", "name":"Payne Fitzpatrick", "gender":"male", "company":"MOTOVATE", "email":"paynefitzpatrick@motovate.com", "phone":"+1 (861) 459-2097", "address":"234 Cyrus Avenue, Noxen, Nevada, 5099", "about":"Est commodo exercitation cupidatat aute dolore labore proident reprehenderit ea mollit adipisicing commodo consequat. Eiusmod deserunt ex eu ut dolore cupidatat culpa ad pariatur. Adipisicing cillum consequat enim eiusmod. Excepteur do nisi dolor exercitation fugiat sint do in mollit sit.\r\n", "features":["Uniworld"], "industry":"Signity", "postalCode":87854, "registered":"2014-05-26T07:00:56 +07:00"}, "geometry":{"type":"Point", "coordinates":[-175.0459, -15.8326]}}