{"type":"Feature", "properties":{"_id":"5792454e0d6492630fe5b6b1", "age":30, "eyeColor":"brown", "name":"Staci Walls", "gender":"female", "company":"NORSUL", "email":"staciwalls@norsul.com", "phone":"+1 (933) 415-2504", "address":"672 Greenwood Avenue, Brecon, Colorado, 5054", "about":"Exercitation deserunt exercitation id magna ea cillum velit excepteur occaecat laboris culpa culpa Lorem ad. Do cillum laborum ea reprehenderit ad qui dolor. In mollit veniam deserunt minim elit anim amet velit nulla ut. Aliqua consequat est eiusmod aliqua. Veniam nostrud pariatur et mollit culpa. Tempor tempor voluptate qui reprehenderit duis.\r\n", "features":["Nixelt", "Spherix", "Newcube"], "industry":"Orbean", "postalCode":91345, "registered":"2014-04-24T08:53:00 +07:00"}, "geometry":{"type":"Point", "coordinates":[-151.305, -15.6037]}}