{"type":"Feature", "properties":{"_id":"5792454fa1a7ad3bea259cef", "age":38, "eyeColor":"brown", "name":"Donna Meyer", "gender":"female", "company":"NEBULEAN", "email":"donnameyer@nebulean.com", "phone":"+1 (804) 445-3590", "address":"605 Clifton Place, Riverton, Wyoming, 7868", "about":"Exercitation veniam esse esse esse nisi tempor commodo Lorem non sit cillum ipsum officia. Aliqua irure non ea mollit nulla. Adipisicing irure deserunt mollit nulla commodo nisi aliquip veniam commodo fugiat mollit. Eiusmod incididunt do magna incididunt commodo exercitation aute voluptate excepteur velit voluptate.\r\n", "features":["Amtas", "Essensia", "Eventix"], "industry":"Magnina", "postalCode":91959, "registered":"2016-03-29T03:51:14 +07:00"}, "geometry":{"type":"Point", "coordinates":[156.3295, -61.4475]}}