{"type":"Feature", "properties":{"_id":"5792454f0c0e695d588baa2c", "age":34, "eyeColor":"green", "name":"Kerry Holmes", "gender":"female", "company":"SONIQUE", "email":"kerryholmes@sonique.com", "phone":"+1 (808) 493-2912", "address":"939 Merit Court, Calvary, South Carolina, 4775", "about":"Ea fugiat incididunt sit adipisicing dolore magna nulla excepteur. Reprehenderit occaecat esse labore nulla sunt. Ipsum sit Lorem dolore aute amet consectetur. Ullamco laborum aliqua nostrud duis ipsum excepteur est adipisicing commodo ut mollit. Sint do reprehenderit nostrud consectetur enim nisi aliquip amet duis qui. Anim esse aute consectetur do quis veniam ea reprehenderit laboris labore reprehenderit. Deserunt nisi fugiat commodo esse nulla incididunt do sit eiusmod officia veniam.\r\n", "features":["Bittor", "Fuelworks", "Quailcom", "Aquazure"], "industry":"Junipoor", "postalCode":86248, "registered":"2014-02-08T10:23:30 +08:00"}, "geometry":{"type":"Point", "coordinates":[-117.0765, 20.6214]}}