{"type":"Feature", "properties":{"_id":"5792454fe33b86126eeac7c6", "age":33, "eyeColor":"green", "name":"Crane Burnett", "gender":"male", "company":"ISOSWITCH", "email":"craneburnett@isoswitch.com", "phone":"+1 (924) 562-2094", "address":"783 Bristol Street, Tryon, Minnesota, 7247", "about":"Nisi cupidatat cupidatat eiusmod ullamco dolore dolore quis. Et aliquip excepteur labore labore nisi deserunt mollit irure voluptate mollit. Exercitation do adipisicing dolor eiusmod eiusmod laborum deserunt pariatur nulla. Ut Lorem fugiat incididunt adipisicing Lorem irure nulla in. Laboris dolor dolor amet veniam laborum labore tempor ea eiusmod sunt excepteur nulla cillum.\r\n", "features":["Snorus", "Exerta", "Zilencio", "Norali"], "industry":"Bristo", "postalCode":81741, "registered":"2015-05-22T03:28:56 +07:00"}, "geometry":{"type":"Point", "coordinates":[124.7821, 4.9175]}}