{"type":"Feature", "properties":{"_id":"5792454e2a9f42e08d1d534a", "age":25, "eyeColor":"brown", "name":"Deanne Soto", "gender":"female", "company":"PORTALINE", "email":"deannesoto@portaline.com", "phone":"+1 (944) 450-3984", "address":"173 Freeman Street, Wedgewood, New Jersey, 5018", "about":"Non do labore ipsum mollit cillum. Laborum ipsum consequat velit nulla id proident in. Adipisicing elit elit exercitation nostrud consequat dolor consectetur exercitation. Ea enim minim quis duis aliquip eiusmod deserunt excepteur minim Lorem consequat aliqua.\r\n", "features":["Olympix", "Lovepad", "Kongle"], "industry":"Furnitech", "postalCode":98647, "registered":"2015-12-18T06:09:34 +08:00"}, "geometry":{"type":"Point", "coordinates":[-82.8439, 38.6053]}}