{"type":"Feature", "properties":{"_id":"5792454f00784299ed90a01d", "age":40, "eyeColor":"brown", "name":"Faith Horton", "gender":"female", "company":"VALPREAL", "email":"faithhorton@valpreal.com", "phone":"+1 (989) 416-3478", "address":"907 Jamaica Avenue, Masthope, North Dakota, 1726", "about":"Culpa fugiat tempor ullamco nostrud et incididunt ad tempor fugiat reprehenderit dolore ullamco. Excepteur esse duis dolor Lorem elit fugiat dolore dolore adipisicing minim cupidatat veniam proident laboris. Pariatur amet adipisicing ut irure sit cupidatat Lorem ut occaecat Lorem. Pariatur consequat esse nisi incididunt esse non proident.\r\n", "features":["Xeronk", "Ecrater"], "industry":"Cofine", "postalCode":82249, "registered":"2014-06-17T01:19:04 +07:00"}, "geometry":{"type":"Point", "coordinates":[106.3675, -78.7533]}}