{"type":"Feature", "properties":{"_id":"5792454f800ff07a67e86219", "age":35, "eyeColor":"brown", "name":"Myrna Prince", "gender":"female", "company":"POOCHIES", "email":"myrnaprince@poochies.com", "phone":"+1 (929) 542-3094", "address":"804 Sharon Street, Callaghan, Louisiana, 5788", "about":"Do eu ullamco reprehenderit irure in. Dolor adipisicing aliquip duis eiusmod id ullamco nisi ad nulla et eiusmod. Eiusmod in irure nulla culpa irure veniam fugiat. Ea reprehenderit consectetur amet dolor irure reprehenderit adipisicing reprehenderit consequat ullamco et esse. Aliquip excepteur minim non do dolor ad excepteur tempor cillum et. Dolor mollit Lorem elit magna exercitation velit amet eu in eu.\r\n", "features":[], "industry":"Slambda", "postalCode":91151, "registered":"2014-07-11T12:42:27 +07:00"}, "geometry":{"type":"Point", "coordinates":[105.9276, -79.9371]}}