{"type":"Feature", "properties":{"_id":"5792454f9e3f036248632063", "age":40, "eyeColor":"green", "name":"Alisa Carlson", "gender":"female", "company":"IPLAX", "email":"alisacarlson@iplax.com", "phone":"+1 (870) 578-2487", "address":"316 Lake Avenue, Juntura, Alaska, 4703", "about":"Ea occaecat anim nisi sint esse adipisicing tempor aliquip velit anim laborum nulla. Ex cillum ut magna non nisi in id Lorem minim quis aliquip fugiat labore mollit. Adipisicing tempor ex eiusmod in. Incididunt quis ullamco sit minim duis nostrud commodo amet duis pariatur mollit Lorem laboris magna. Dolore nisi voluptate ea veniam anim consectetur labore cupidatat labore mollit ex quis excepteur.\r\n", "features":["Everest", "Zogak", "Isopop"], "industry":"Honotron", "postalCode":85945, "registered":"2014-01-13T06:08:13 +08:00"}, "geometry":{"type":"Point", "coordinates":[-49.0995, 36.2167]}}