{"type":"Feature", "properties":{"_id":"5792454f7c1e3f585cdb02e2", "age":33, "eyeColor":"blue", "name":"Karina Pena", "gender":"female", "company":"GAZAK", "email":"karinapena@gazak.com", "phone":"+1 (857) 569-3249", "address":"724 Wyckoff Avenue, Innsbrook, Marshall Islands, 3795", "about":"Irure laboris esse in cupidatat ea fugiat consectetur cillum. Aute mollit eiusmod amet in nostrud voluptate in enim eu commodo sint deserunt laboris fugiat. Enim cupidatat sit eu culpa do.\r\n", "features":[], "industry":"Hyplex", "postalCode":84251, "registered":"2014-08-15T01:39:09 +07:00"}, "geometry":{"type":"Point", "coordinates":[-138.0029, 42.3875]}}