{"type":"Feature", "properties":{"_id":"5792454f29c276d9dc107825", "age":40, "eyeColor":"green", "name":"Knox Hayes", "gender":"male", "company":"POLARIUM", "email":"knoxhayes@polarium.com", "phone":"+1 (942) 553-3601", "address":"733 Livonia Avenue, Imperial, West Virginia, 402", "about":"Aute nulla occaecat magna ea tempor nostrud ullamco. Eu quis exercitation dolore et. Elit ea commodo nulla deserunt Lorem amet Lorem veniam commodo sunt cillum mollit. Labore exercitation quis nostrud exercitation id ut dolore culpa mollit elit cillum enim excepteur. Commodo culpa ea eiusmod do officia laborum cillum sit est voluptate ea ipsum Lorem consequat. Eiusmod labore voluptate velit irure. Aute nostrud velit laborum quis reprehenderit voluptate ad est voluptate fugiat eiusmod.\r\n", "features":["Miracula", "Equitax", "Strezzo", "Eyeris"], "industry":"Phormula", "postalCode":82444, "registered":"2015-02-08T09:31:15 +08:00"}, "geometry":{"type":"Point", "coordinates":[3.6109, 73.5841]}}