{"type":"Feature", "properties":{"_id":"5792454f005f635d6a92f8f4", "age":22, "eyeColor":"green", "name":"Carolina Kent", "gender":"female", "company":"ZAJ", "email":"carolinakent@zaj.com", "phone":"+1 (983) 464-3078", "address":"846 Varick Street, Cascades, Pennsylvania, 452", "about":"Incididunt ea quis id proident nulla occaecat ipsum officia ea et. Et adipisicing pariatur mollit do magna proident labore in. Ut nostrud cupidatat sunt sint culpa amet consectetur tempor dolore velit id id irure. Ut reprehenderit eu quis irure elit nulla sint irure.\r\n", "features":["Straloy"], "industry":"Rugstars", "postalCode":87949, "registered":"2015-12-29T04:02:14 +08:00"}, "geometry":{"type":"Point", "coordinates":[62.8621, 39.484]}}