{"type":"Feature", "properties":{"_id":"5792454e7b184b1f8e97955c", "age":30, "eyeColor":"brown", "name":"Leta White", "gender":"female", "company":"MEDIOT", "email":"letawhite@mediot.com", "phone":"+1 (824) 496-2890", "address":"414 Jodie Court, Eureka, Georgia, 5308", "about":"Anim enim aute eiusmod incididunt proident dolore ex aliqua ut esse culpa ea cupidatat. Elit in esse ad dolor sit ipsum consectetur enim ex. Officia ullamco cillum minim minim enim dolore aute culpa do cupidatat minim laboris minim consequat. Qui ex pariatur commodo ipsum ad.\r\n", "features":["Cincyr", "Zedalis"], "industry":"Letpro", "postalCode":96751, "registered":"2015-04-29T06:42:33 +07:00"}, "geometry":{"type":"Point", "coordinates":[4.6017, -80.0287]}}