{"type":"Feature", "properties":{"_id":"5792454feca8b9a93043d792", "age":25, "eyeColor":"blue", "name":"Lois Trujillo", "gender":"female", "company":"NORSUP", "email":"loistrujillo@norsup.com", "phone":"+1 (939) 562-2594", "address":"278 Williams Place, Glenville, Arkansas, 2310", "about":"Fugiat ipsum dolor nostrud id officia eu voluptate duis ut laborum pariatur commodo velit aliquip. Veniam non irure esse ipsum reprehenderit est aliqua nulla. Sint eu non amet ipsum reprehenderit sint sit cupidatat. Ullamco nisi in culpa laboris anim do.\r\n", "features":["Senmei", "Quotezart"], "industry":"Coriander", "postalCode":98050, "registered":"2015-11-11T05:15:20 +08:00"}, "geometry":{"type":"Point", "coordinates":[-55.0817, -29.8568]}}