{"type":"Feature", "properties":{"_id":"5792454ea1a3751ee49821e7", "age":35, "eyeColor":"brown", "name":"Debra Leon", "gender":"female", "company":"RODEMCO", "email":"debraleon@rodemco.com", "phone":"+1 (969) 483-3844", "address":"838 Hoyt Street, Riegelwood, Missouri, 5190", "about":"Exercitation reprehenderit eiusmod quis dolore exercitation excepteur labore quis exercitation eu esse adipisicing deserunt sint. Dolore dolor enim deserunt proident et. Proident elit Lorem in magna irure ut amet adipisicing ad mollit mollit excepteur. Ullamco duis qui eu do laboris reprehenderit aliquip id enim culpa eiusmod Lorem. Adipisicing aliquip ipsum exercitation dolore labore ex.\r\n", "features":["Gonkle", "Hatology", "Microluxe", "Steeltab"], "industry":"Oceanica", "postalCode":86156, "registered":"2014-07-09T05:25:31 +07:00"}, "geometry":{"type":"Point", "coordinates":[-172.1773, 72.1036]}}