{"type":"Feature", "properties":{"_id":"5792454f63008f405b37cfc8", "age":35, "eyeColor":"brown", "name":"Nicole Holland", "gender":"female", "company":"EXIAND", "email":"nicoleholland@exiand.com", "phone":"+1 (877) 578-2626", "address":"227 Hamilton Avenue, Summerset, Ohio, 8741", "about":"Tempor consequat aute consequat enim ullamco voluptate esse irure qui. Veniam deserunt voluptate aliquip incididunt excepteur esse culpa aute aliquip pariatur id deserunt Lorem laborum. Elit ipsum tempor eiusmod commodo anim Lorem incididunt.\r\n", "features":["Buzzmaker", "Accel"], "industry":"Pulze", "postalCode":86151, "registered":"2014-10-14T04:26:04 +07:00"}, "geometry":{"type":"Point", "coordinates":[-28.9838, 20.893]}}