{"type":"Feature", "properties":{"_id":"5792454f6206cfc54072dcc7", "age":40, "eyeColor":"green", "name":"Ayers Huber", "gender":"male", "company":"QUADEEBO", "email":"ayershuber@quadeebo.com", "phone":"+1 (825) 490-2903", "address":"810 Cumberland Street, Geyserville, Connecticut, 6088", "about":"Est voluptate tempor incididunt occaecat amet voluptate enim commodo est non. Sint aliqua magna et ut laborum amet sit mollit laborum. Eiusmod duis eu commodo quis anim et. Ut nostrud laborum consectetur id veniam. Labore cupidatat ullamco non elit consequat excepteur.\r\n", "features":["Entropix"], "industry":"Zentix", "postalCode":83041, "registered":"2014-07-29T03:00:51 +07:00"}, "geometry":{"type":"Point", "coordinates":[-7.779, 30.5422]}}