{"type":"Feature", "properties":{"_id":"5792454faa88301a99f0b852", "age":25, "eyeColor":"blue", "name":"Boone Hawkins", "gender":"male", "company":"DARWINIUM", "email":"boonehawkins@darwinium.com", "phone":"+1 (931) 536-3947", "address":"994 Lefferts Place, Lewis, Wisconsin, 3033", "about":"Eu ut voluptate in minim deserunt qui id ipsum eu magna Lorem sit exercitation ut. Amet veniam mollit minim officia amet mollit ut. Ipsum enim in ea exercitation eiusmod do. Laborum nisi et esse adipisicing et officia nostrud nisi.\r\n", "features":["Asimiline", "Ohmnet", "Bizmatic", "Bytrex"], "industry":"Mixers", "postalCode":85052, "registered":"2016-02-27T07:46:25 +08:00"}, "geometry":{"type":"Point", "coordinates":[-83.1069, -52.669]}}