{"type":"Feature", "properties":{"_id":"5792454fba62236d4cef7607", "age":34, "eyeColor":"blue", "name":"Cherie Perkins", "gender":"female", "company":"IZZBY", "email":"cherieperkins@izzby.com", "phone":"+1 (907) 453-3151", "address":"874 Verona Street, Elbert, California, 2999", "about":"Ea aliqua aliqua ea esse excepteur ea eiusmod ut laborum consectetur incididunt mollit ut. Laborum ex anim laboris irure enim sint labore non exercitation sit voluptate velit eu sit. Lorem ad velit id dolor ipsum aliqua ullamco aliquip aliquip ipsum laboris occaecat. Eiusmod veniam do fugiat ea fugiat laboris est et labore esse consectetur sunt pariatur deserunt. Adipisicing dolor veniam non laboris laborum deserunt irure elit.\r\n", "features":["Gronk", "Elita"], "industry":"Datagen", "postalCode":83651, "registered":"2015-09-29T09:31:47 +07:00"}, "geometry":{"type":"Point", "coordinates":[154.4813, 29.7497]}}