{"type":"Feature", "properties":{"_id":"5792454f2779472a0eeedc9e", "age":35, "eyeColor":"blue", "name":"Rosella Branch", "gender":"female", "company":"UNCORP", "email":"rosellabranch@uncorp.com", "phone":"+1 (986) 542-2770", "address":"205 Scott Avenue, Brandywine, Puerto Rico, 4769", "about":"Nisi sint culpa qui pariatur nulla velit occaecat ipsum magna. Consectetur eu sunt ullamco adipisicing eu duis. Officia anim quis officia ad nisi culpa nulla dolore enim nulla occaecat deserunt. Consequat dolore do aute laborum cupidatat excepteur in do fugiat. Aliquip consequat deserunt aliquip consequat. Id reprehenderit sit culpa nulla eu dolor fugiat nisi non.\r\n", "features":["Zenthall", "Anixang"], "industry":"Zaggles", "postalCode":82151, "registered":"2015-05-19T09:36:00 +07:00"}, "geometry":{"type":"Point", "coordinates":[96.3287, 84.0023]}}