{"type":"Feature", "properties":{"_id":"5792454fc7595e9656f30263", "age":37, "eyeColor":"blue", "name":"Sallie Stevenson", "gender":"female", "company":"BISBA", "email":"salliestevenson@bisba.com", "phone":"+1 (852) 541-3429", "address":"908 Whitty Lane, Bourg, Utah, 4075", "about":"Ipsum amet ex ipsum quis Lorem nostrud cupidatat ipsum voluptate velit. Excepteur nisi Lorem et minim reprehenderit fugiat duis commodo et dolore consequat velit nostrud id. Aute fugiat mollit culpa dolore laborum excepteur deserunt nulla sint aliqua est fugiat. Cillum sunt culpa exercitation reprehenderit mollit deserunt est id est incididunt quis Lorem est minim.\r\n", "features":["Geofarm", "Exoplode"], "industry":"Flum", "postalCode":96445, "registered":"2016-07-05T12:46:35 +07:00"}, "geometry":{"type":"Point", "coordinates":[-163.7345, 52.0686]}}