{"type":"Feature", "properties":{"_id":"5792454f69b9576b94091d82", "age":24, "eyeColor":"green", "name":"Brady Palmer", "gender":"male", "company":"REALMO", "email":"bradypalmer@realmo.com", "phone":"+1 (896) 508-2142", "address":"486 Wakeman Place, Gerton, Alaska, 2966", "about":"Cupidatat non cupidatat eiusmod laboris amet ipsum est reprehenderit aute sunt. Consequat et elit in duis consequat. Do et ullamco irure reprehenderit velit ea duis velit nostrud in. Deserunt mollit labore non dolore exercitation anim dolor dolor. Dolore dolor culpa ullamco aliquip Lorem.\r\n", "features":["Cedward", "Schoolio", "Kneedles", "Fossiel"], "industry":"Grok", "postalCode":96946, "registered":"2015-04-24T08:58:43 +07:00"}, "geometry":{"type":"Point", "coordinates":[32.7138, 40.0584]}}