{"type":"Feature", "properties":{"_id":"5792454ea707ff69a693effc", "age":33, "eyeColor":"blue", "name":"Fox Mccray", "gender":"male", "company":"ZYPLE", "email":"foxmccray@zyple.com", "phone":"+1 (810) 600-2028", "address":"672 Rapelye Street, Tetherow, Palau, 3079", "about":"Nostrud duis excepteur sunt consequat ut. Aliquip minim amet esse irure culpa laborum mollit anim fugiat voluptate. Cupidatat commodo duis veniam proident amet.\r\n", "features":["Capscreen"], "industry":"Confrenzy", "postalCode":98740, "registered":"2016-05-14T09:01:45 +07:00"}, "geometry":{"type":"Point", "coordinates":[-138.2596, -68.0248]}}