{"type":"Feature", "properties":{"_id":"5792454f24d43f0aa050e662", "age":38, "eyeColor":"blue", "name":"Sharon Alford", "gender":"female", "company":"OMATOM", "email":"sharonalford@omatom.com", "phone":"+1 (990) 413-3055", "address":"315 Hopkins Street, Crawfordsville, District Of Columbia, 8191", "about":"Magna aliquip excepteur elit ex non eu sunt. Pariatur adipisicing fugiat aute eu fugiat ipsum labore ut consequat tempor non aute Lorem officia. Ex ea aliqua commodo veniam. Non sunt eu consectetur sit sit elit exercitation voluptate voluptate. Eu officia irure anim incididunt consequat Lorem ut sint eiusmod veniam.\r\n", "features":["Xymonk"], "industry":"Edecine", "postalCode":98753, "registered":"2015-01-08T11:51:11 +08:00"}, "geometry":{"type":"Point", "coordinates":[-127.1576, -26.9347]}}