{"type":"Feature", "properties":{"_id":"5792454f7923f98fad43da0e", "age":21, "eyeColor":"blue", "name":"Summers Flowers", "gender":"male", "company":"XYLAR", "email":"summersflowers@xylar.com", "phone":"+1 (933) 420-2905", "address":"918 Pineapple Street, Kaka, Hawaii, 194", "about":"Est exercitation laboris incididunt pariatur voluptate occaecat ipsum occaecat culpa. Reprehenderit nulla exercitation ullamco nisi. In veniam laboris do est irure et aliqua. Et officia exercitation sint duis nisi quis aliquip minim anim esse laborum aute nulla duis.\r\n", "features":["Earbang", "Zork", "Hawkster", "Futurity"], "industry":"Tropolis", "postalCode":98952, "registered":"2014-09-24T10:59:48 +07:00"}, "geometry":{"type":"Point", "coordinates":[86.3431, 30.3549]}}