{"type":"Feature", "properties":{"_id":"5792454fb6a9909c3e3585a9", "age":40, "eyeColor":"brown", "name":"Ford Burton", "gender":"male", "company":"VIAGREAT", "email":"fordburton@viagreat.com", "phone":"+1 (868) 595-2123", "address":"867 Dumont Avenue, Kingstowne, Vermont, 6923", "about":"Ipsum aliquip qui magna deserunt. Ad magna consequat deserunt tempor anim ex voluptate. Mollit exercitation commodo aliqua nisi. Id anim enim et culpa non nostrud minim duis laboris et.\r\n", "features":[], "industry":"Comtext", "postalCode":92942, "registered":"2015-12-11T06:57:14 +08:00"}, "geometry":{"type":"Point", "coordinates":[15.4439, 89.7857]}}