{"type":"Feature", "properties":{"_id":"5792454f6df8b10ab1e8cdf5", "age":25, "eyeColor":"blue", "name":"Willie Mullen", "gender":"female", "company":"ADORNICA", "email":"williemullen@adornica.com", "phone":"+1 (953) 422-3161", "address":"496 Strauss Street, Gilmore, Federated States Of Micronesia, 5291", "about":"Excepteur eiusmod eu adipisicing fugiat veniam fugiat elit ullamco anim est consectetur laboris. Eu laboris nostrud minim ullamco velit minim cillum. Lorem labore magna sint officia. Veniam ea velit minim veniam. Enim cillum consectetur aliquip veniam exercitation est voluptate officia voluptate aute non est. Labore quis consectetur consectetur ullamco est deserunt ullamco excepteur pariatur proident.\r\n", "features":[], "industry":"Mangelica", "postalCode":82656, "registered":"2014-08-28T09:40:27 +07:00"}, "geometry":{"type":"Point", "coordinates":[98.8455, 87.1851]}}