{"type":"Feature", "properties":{"_id":"5792454f307161fbfe2e72db", "age":37, "eyeColor":"brown", "name":"Rosario Crane", "gender":"female", "company":"COMVEYOR", "email":"rosariocrane@comveyor.com", "phone":"+1 (906) 500-3731", "address":"684 Sunnyside Avenue, Harrison, Washington, 4442", "about":"Quis esse magna exercitation excepteur ipsum occaecat ullamco elit occaecat. Officia enim occaecat ad et proident ipsum mollit aute et enim in labore. Dolore dolore et id incididunt. Tempor duis nulla ad enim ullamco fugiat et.\r\n", "features":["Gleamink", "Bicol", "Bugsall", "Zanymax"], "industry":"Plutorque", "postalCode":84352, "registered":"2015-01-16T01:30:09 +08:00"}, "geometry":{"type":"Point", "coordinates":[38.9252, 72.284]}}