{"type":"Feature", "properties":{"_id":"5792454f63a733c875ba14ef", "age":32, "eyeColor":"green", "name":"Amelia Mckee", "gender":"female", "company":"PORTALINE", "email":"ameliamckee@portaline.com", "phone":"+1 (885) 503-2991", "address":"206 Martense Street, Mammoth, North Carolina, 8476", "about":"Nostrud officia esse tempor veniam irure incididunt duis irure aliqua veniam eu. Nostrud magna elit dolor dolor est pariatur officia commodo consectetur. Reprehenderit pariatur sint tempor minim dolore ea do ad consequat ipsum nisi voluptate laborum. Elit sunt consequat ea ut in anim nisi deserunt.\r\n", "features":[], "industry":"Olympix", "postalCode":98643, "registered":"2016-04-26T02:29:57 +07:00"}, "geometry":{"type":"Point", "coordinates":[-54.8917, 34.4646]}}