{"type":"Feature", "properties":{"_id":"5792454f45dbb58b9171e540", "age":27, "eyeColor":"blue", "name":"Vincent Ruiz", "gender":"male", "company":"POLARAX", "email":"vincentruiz@polarax.com", "phone":"+1 (959) 434-2377", "address":"445 Kingsland Avenue, Odessa, South Carolina, 8540", "about":"Tempor veniam sint quis et quis reprehenderit ex. Tempor nostrud pariatur excepteur adipisicing velit laborum duis dolor exercitation reprehenderit veniam sunt. Aliqua ex sint eiusmod nisi aliqua et mollit veniam ut proident fugiat nisi magna. Cupidatat elit est qui eu ad quis incididunt id occaecat. Lorem enim anim voluptate dolore pariatur eiusmod anim voluptate. Ut veniam commodo adipisicing duis deserunt. Pariatur irure sit ullamco magna officia occaecat cillum amet non voluptate.\r\n", "features":[], "industry":"Vicon", "postalCode":83246, "registered":"2014-08-22T05:02:22 +07:00"}, "geometry":{"type":"Point", "coordinates":[-77.1456, -65.7351]}}