{"type":"Feature", "properties":{"_id":"5792454fb7fca2a2194b0c9e", "age":28, "eyeColor":"blue", "name":"Latisha Bond", "gender":"female", "company":"HELIXO", "email":"latishabond@helixo.com", "phone":"+1 (857) 443-2742", "address":"332 Suydam Street, Barstow, Massachusetts, 8747", "about":"Sit consectetur anim cillum ut. Aute ullamco pariatur velit incididunt consequat sunt ullamco laborum est reprehenderit quis incididunt minim. Magna id irure dolore amet nulla. Enim id ullamco irure nisi deserunt ipsum quis ex veniam aliqua qui amet excepteur. Est ea incididunt est sint anim aute et veniam est sunt aute sunt. Deserunt aliqua Lorem sint laboris ipsum exercitation sit dolore fugiat exercitation proident eiusmod adipisicing cillum.\r\n", "features":["Zytrex"], "industry":"Moltonic", "postalCode":97447, "registered":"2016-06-02T01:49:52 +07:00"}, "geometry":{"type":"Point", "coordinates":[108.8113, 53.4544]}}