{"type":"Feature", "properties":{"_id":"5792454eedfc3254f919d9c6", "age":25, "eyeColor":"blue", "name":"Elinor Garrett", "gender":"female", "company":"NURPLEX", "email":"elinorgarrett@nurplex.com", "phone":"+1 (968) 484-3679", "address":"707 Kane Street, Tedrow, Minnesota, 5190", "about":"Laborum ullamco anim non in ut id do. Sunt irure laborum officia ad aliquip. Aliquip labore fugiat anim cillum aute labore elit qui pariatur non consectetur et sit dolore. Laborum nostrud duis officia voluptate eiusmod cupidatat et commodo fugiat. Aliquip nulla culpa laborum eiusmod consequat culpa tempor amet dolore consectetur et. Mollit laborum esse aute non ea elit labore duis sit ipsum nulla dolor incididunt reprehenderit.\r\n", "features":["Sensate", "Perkle", "Jasper"], "industry":"Flotonic", "postalCode":91045, "registered":"2014-01-17T08:19:48 +08:00"}, "geometry":{"type":"Point", "coordinates":[121.4856, 29.8599]}}