{"type":"Feature", "properties":{"_id":"5792454f0fc0a74bc200850f", "age":40, "eyeColor":"blue", "name":"Calhoun Hays", "gender":"male", "company":"PHARMACON", "email":"calhounhays@pharmacon.com", "phone":"+1 (963) 464-2491", "address":"191 Hornell Loop, Terlingua, North Dakota, 140", "about":"Nisi do irure excepteur anim ipsum minim. Irure officia exercitation aute esse veniam elit aliqua. Cupidatat et irure reprehenderit commodo duis.\r\n", "features":["Organica", "Sunclipse", "Gushkool", "Enersave"], "industry":"Valreda", "postalCode":94143, "registered":"2016-03-23T10:52:22 +07:00"}, "geometry":{"type":"Point", "coordinates":[-55.1053, 14.9859]}}