{"type":"Feature", "properties":{"_id":"5792454e1908c8165e8f59d3", "age":33, "eyeColor":"blue", "name":"Gillespie Velasquez", "gender":"male", "company":"VERTIDE", "email":"gillespievelasquez@vertide.com", "phone":"+1 (839) 469-3133", "address":"505 Alice Court, Eastvale, Kentucky, 6625", "about":"Labore eiusmod amet esse ad ea anim in dolor. Consectetur fugiat ullamco ea tempor laboris. Consequat ea elit laborum commodo labore sit anim eu. Eu aliquip adipisicing enim dolore aliqua nulla dolor Lorem in exercitation sint enim. Dolore incididunt incididunt do occaecat et consectetur nostrud velit.\r\n", "features":["Kengen", "Biohab", "Bleendot", "Crustatia"], "industry":"Olucore", "postalCode":91457, "registered":"2015-07-29T03:47:09 +07:00"}, "geometry":{"type":"Point", "coordinates":[-21.6455, 5.9387]}}