{"type":"Feature", "properties":{"_id":"5792454f74bcd890dc56bd15", "age":36, "eyeColor":"green", "name":"Mari Baker", "gender":"female", "company":"ZILLAN", "email":"maribaker@zillan.com", "phone":"+1 (889) 460-3860", "address":"979 Pulaski Street, Edmund, Florida, 5383", "about":"Culpa nulla magna voluptate commodo nulla. Anim irure veniam in consectetur velit. Elit tempor anim commodo et consectetur nostrud esse cillum irure esse voluptate nostrud cupidatat.\r\n", "features":[], "industry":"Songbird", "postalCode":94542, "registered":"2016-05-15T03:35:03 +07:00"}, "geometry":{"type":"Point", "coordinates":[-51.7828, -68.6788]}}