{"type":"Feature", "properties":{"_id":"5792454f446c8d1d5748688f", "age":34, "eyeColor":"green", "name":"Polly Wood", "gender":"female", "company":"CRUSTATIA", "email":"pollywood@crustatia.com", "phone":"+1 (858) 580-3226", "address":"104 Ridgecrest Terrace, Tuttle, New Mexico, 1636", "about":"Occaecat excepteur dolore ut voluptate nulla esse magna qui consectetur elit incididunt velit. Commodo sint mollit excepteur et commodo laboris laborum duis nulla nostrud amet. Laboris consectetur laboris laboris laborum irure laborum est incididunt do fugiat aliquip Lorem. Non laboris anim laboris pariatur aute occaecat veniam.\r\n", "features":["Olucore", "Roughies", "Hairport"], "industry":"Nexgene", "postalCode":80258, "registered":"2015-05-23T06:01:33 +07:00"}, "geometry":{"type":"Point", "coordinates":[-153.5624, -53.2048]}}