{"type":"Feature", "properties":{"_id":"5792454f5dcad7259c693653", "age":31, "eyeColor":"brown", "name":"Gaines Atkins", "gender":"male", "company":"SPACEWAX", "email":"gainesatkins@spacewax.com", "phone":"+1 (829) 450-2877", "address":"784 Elliott Walk, Shindler, Kentucky, 2773", "about":"Dolor eu minim cillum excepteur nulla. Nostrud esse culpa tempor in cupidatat ut sunt mollit pariatur nostrud et. Ea ut exercitation nisi ut dolore amet cupidatat cillum mollit. Veniam Lorem amet sint officia. Aliqua exercitation labore tempor nostrud. Dolor irure fugiat aliqua dolore elit aliqua consectetur cillum ut nisi. Ad elit ut occaecat dolore nulla culpa laborum laborum culpa ea nulla excepteur amet veniam.\r\n", "features":["Xsports", "Barkarama"], "industry":"Ezent", "postalCode":94746, "registered":"2015-11-22T05:08:16 +08:00"}, "geometry":{"type":"Point", "coordinates":[92.4898, 17.2571]}}