{"type":"Feature", "properties":{"_id":"5792454fdd93aacfd2fdf8a2", "age":28, "eyeColor":"brown", "name":"Virginia Bryant", "gender":"female", "company":"PARCOE", "email":"virginiabryant@parcoe.com", "phone":"+1 (994) 449-3819", "address":"774 Holt Court, Websterville, New Mexico, 4258", "about":"Irure do pariatur aute officia nulla duis qui id reprehenderit ea anim. Ut et et dolore dolore duis sint. Veniam nulla minim nulla Lorem minim. Duis officia sunt culpa ea sit pariatur dolore commodo aliqua exercitation ad velit occaecat. Tempor amet magna ullamco enim. Fugiat do commodo quis excepteur tempor et duis minim. Fugiat non id non ex enim eu fugiat aliquip aliquip quis labore excepteur.\r\n", "features":["Musix", "Slumberia", "Pathways", "Netplode"], "industry":"Yogasm", "postalCode":80340, "registered":"2015-08-15T05:13:42 +07:00"}, "geometry":{"type":"Point", "coordinates":[-75.4369, -14.4516]}}