{"type":"Feature", "properties":{"_id":"5792454e3d963918961357eb", "age":37, "eyeColor":"green", "name":"Tara Santana", "gender":"female", "company":"ROUGHIES", "email":"tarasantana@roughies.com", "phone":"+1 (969) 467-2994", "address":"450 Cook Street, Trucksville, California, 3556", "about":"Aliqua ea ut minim nostrud. Eu non commodo commodo labore laborum cillum culpa ex sit. Consectetur nostrud excepteur consequat mollit ipsum sint et id elit sunt do officia nostrud duis.\r\n", "features":["Hairport", "Nexgene", "Digial"], "industry":"Zounds", "postalCode":97652, "registered":"2016-04-15T01:57:19 +07:00"}, "geometry":{"type":"Point", "coordinates":[-102.5025, -20.9314]}}