{"type":"Feature", "properties":{"_id":"5792454fde984ec044135430", "age":28, "eyeColor":"blue", "name":"Harper Donaldson", "gender":"male", "company":"RENOVIZE", "email":"harperdonaldson@renovize.com", "phone":"+1 (896) 476-3149", "address":"628 Ferris Street, Tooleville, Kentucky, 8689", "about":"Eiusmod ullamco elit nisi culpa pariatur anim do sint do. Commodo consequat ullamco labore aute anim ea reprehenderit do ullamco. Sunt exercitation incididunt labore ea do non tempor Lorem ad fugiat. Amet excepteur quis mollit consequat voluptate.\r\n", "features":["Konnect", "Metroz"], "industry":"Chorizon", "postalCode":84052, "registered":"2015-08-24T10:18:47 +07:00"}, "geometry":{"type":"Point", "coordinates":[-105.4421, -35.5204]}}