{"type":"Feature", "properties":{"_id":"5792454fdf2a53cb3213fc38", "age":24, "eyeColor":"blue", "name":"Crawford Villarreal", "gender":"male", "company":"KROG", "email":"crawfordvillarreal@krog.com", "phone":"+1 (846) 400-2266", "address":"795 Burnett Street, Yettem, Virginia, 3871", "about":"Reprehenderit veniam quis nulla irure esse cillum reprehenderit. Non cillum ea nisi eu enim ullamco est dolor dolore culpa. Voluptate adipisicing labore qui exercitation ut incididunt duis minim laboris. Enim nulla laborum anim reprehenderit do sint consectetur sint sunt. Culpa nostrud qui voluptate minim. Irure commodo consectetur ipsum culpa labore amet tempor sunt minim consectetur cupidatat labore nulla.\r\n", "features":[], "industry":"Zolarity", "postalCode":83142, "registered":"2014-10-10T12:16:04 +07:00"}, "geometry":{"type":"Point", "coordinates":[141.0672, 36.3019]}}