{"type":"Feature", "properties":{"_id":"5792454f6693a2296117d324", "age":36, "eyeColor":"blue", "name":"Hampton Koch", "gender":"male", "company":"GAPTEC", "email":"hamptonkoch@gaptec.com", "phone":"+1 (847) 496-2599", "address":"396 Fleet Walk, Caspar, Oregon, 7339", "about":"Lorem cupidatat voluptate amet veniam pariatur enim dolor. Quis esse ipsum minim ullamco ut. Magna excepteur ullamco minim tempor cupidatat nulla pariatur eiusmod amet sit nulla est. Veniam in fugiat elit est laborum exercitation fugiat et id nisi eiusmod. Laborum quis elit nisi qui aute. Fugiat pariatur et eu nisi. Nostrud officia excepteur aliqua cillum irure.\r\n", "features":["Mazuda", "Rodeomad", "Aquasseur", "Utarian"], "industry":"Assistia", "postalCode":86141, "registered":"2016-05-28T11:49:50 +07:00"}, "geometry":{"type":"Point", "coordinates":[110.3789, -11.5046]}}