{"type":"Feature", "properties":{"_id":"5792454f5c020c9b6c2973ef", "age":32, "eyeColor":"blue", "name":"Gibbs Robbins", "gender":"male", "company":"ACUMENTOR", "email":"gibbsrobbins@acumentor.com", "phone":"+1 (910) 443-2183", "address":"560 Montrose Avenue, Rodman, Arkansas, 6744", "about":"Minim anim esse elit excepteur ipsum incididunt ipsum esse. Quis ullamco anim ex consectetur voluptate nisi laboris in exercitation voluptate. Aliqua aliqua occaecat anim commodo Lorem adipisicing id occaecat aliqua et ad. Occaecat pariatur nostrud irure minim eu. Consectetur cupidatat occaecat ex anim anim deserunt nisi veniam laborum dolore qui exercitation quis laborum. Pariatur elit sint ipsum qui exercitation ad. Ut labore nisi reprehenderit non quis dolore aliquip id minim aute sint proident cupidatat laboris.\r\n", "features":["Cujo"], "industry":"Plasmos", "postalCode":92548, "registered":"2016-01-02T04:51:23 +08:00"}, "geometry":{"type":"Point", "coordinates":[-133.783, -85.8549]}}