{"type":"Feature", "properties":{"_id":"5792454f7a446e4b40e37b83", "age":26, "eyeColor":"green", "name":"Guadalupe Barber", "gender":"female", "company":"NORSUL", "email":"guadalupebarber@norsul.com", "phone":"+1 (984) 549-2903", "address":"595 Manor Court, Emory, Oklahoma, 2783", "about":"Aliquip aute aute nostrud ullamco magna ut labore eiusmod id. In dolor ipsum mollit sint labore occaecat tempor commodo ullamco cillum incididunt. Ullamco pariatur voluptate adipisicing amet irure consectetur incididunt sint ipsum nostrud. Dolore magna incididunt fugiat qui cupidatat ut Lorem deserunt exercitation reprehenderit laborum in veniam eu.\r\n", "features":[], "industry":"Nixelt", "postalCode":98245, "registered":"2015-06-01T01:26:01 +07:00"}, "geometry":{"type":"Point", "coordinates":[149.9656, -80.6277]}}