{"type":"Feature", "properties":{"_id":"5792454fe43528199a9b7b60", "age":30, "eyeColor":"brown", "name":"Dana Greene", "gender":"female", "company":"TERRAGEN", "email":"danagreene@terragen.com", "phone":"+1 (818) 503-2196", "address":"997 Dorchester Road, Caln, New Hampshire, 6458", "about":"Excepteur ipsum quis Lorem veniam ea enim quis minim proident tempor adipisicing ipsum pariatur. Esse irure minim nulla qui proident elit commodo cillum deserunt veniam et duis. Adipisicing tempor ut fugiat mollit labore id aliquip officia velit ipsum. Duis laboris nisi minim quis ea consectetur aute. Aute et exercitation esse consequat irure non sit amet Lorem commodo consectetur Lorem.\r\n", "features":[], "industry":"Geeky", "postalCode":88254, "registered":"2016-07-10T03:11:23 +07:00"}, "geometry":{"type":"Point", "coordinates":[-27.7442, 61.8967]}}