{"type":"Feature", "properties":{"_id":"5792454f11bb8a5781dd6765", "age":38, "eyeColor":"blue", "name":"Claudette Fox", "gender":"female", "company":"UNDERTAP", "email":"claudettefox@undertap.com", "phone":"+1 (931) 478-3526", "address":"709 Lacon Court, Dixonville, Georgia, 6261", "about":"Enim cupidatat dolore nulla voluptate irure laborum elit exercitation laboris proident Lorem amet labore amet. Cupidatat do sit cupidatat exercitation velit minim. Incididunt amet officia consequat ut. Consectetur laboris do ipsum eu duis consectetur. Exercitation nulla occaecat ullamco consectetur Lorem anim ipsum pariatur deserunt.\r\n", "features":["Xumonk", "Comstar", "Flyboyz", "Permadyne"], "industry":"Koffee", "postalCode":86756, "registered":"2014-08-26T10:16:40 +07:00"}, "geometry":{"type":"Point", "coordinates":[8.1753, -50.983]}}