{"type":"Feature", "properties":{"_id":"5792454fe3751645208def99", "age":23, "eyeColor":"green", "name":"Allie Burt", "gender":"female", "company":"ORBAXTER", "email":"allieburt@orbaxter.com", "phone":"+1 (945) 508-3912", "address":"703 Hale Avenue, Stevens, American Samoa, 2193", "about":"Aliqua proident fugiat culpa aliqua laboris. Eiusmod eu est pariatur est et mollit qui eu quis duis sunt aliquip magna laborum. Consectetur minim aliqua incididunt veniam eiusmod sunt aliqua adipisicing. Ex nostrud velit et dolore sunt laborum voluptate elit mollit. Lorem dolore incididunt sit eiusmod ut culpa enim tempor qui eu consequat adipisicing aute Lorem.\r\n", "features":["Intrawear", "Jetsilk"], "industry":"Trollery", "postalCode":84657, "registered":"2016-07-07T03:37:00 +07:00"}, "geometry":{"type":"Point", "coordinates":[172.7585, -18.7286]}}