{"type":"Feature", "properties":{"_id":"5792454f25100df8436bf1d2", "age":24, "eyeColor":"green", "name":"Ginger Reed", "gender":"female", "company":"SPHERIX", "email":"gingerreed@spherix.com", "phone":"+1 (873) 445-3724", "address":"225 Nolans Lane, Rew, Montana, 6785", "about":"Eiusmod ea elit ullamco proident excepteur nisi deserunt ea velit. Proident consectetur aliquip dolor do proident laborum anim cupidatat nulla consequat. Non consequat nisi dolore in aliquip laboris esse laboris consequat mollit proident ullamco commodo officia. Minim consectetur id dolore id ipsum. Nulla duis consectetur proident mollit officia ullamco quis occaecat enim commodo adipisicing esse ullamco.\r\n", "features":["Newcube"], "industry":"Orbean", "postalCode":92350, "registered":"2015-04-16T09:20:04 +07:00"}, "geometry":{"type":"Point", "coordinates":[-2.1206, -8.7853]}}