{"type":"Feature", "properties":{"_id":"5792454f4d40b4cd4bc626da", "age":37, "eyeColor":"brown", "name":"Preston Bullock", "gender":"male", "company":"MONDICIL", "email":"prestonbullock@mondicil.com", "phone":"+1 (894) 542-2853", "address":"428 Concord Street, Hannasville, Maine, 9728", "about":"Velit velit elit do veniam sit sint reprehenderit ipsum occaecat consectetur esse consectetur anim. Ad ipsum labore veniam sunt aliquip reprehenderit aliquip amet sunt labore labore qui dolore. Laborum non magna nisi Lorem consectetur laboris eiusmod esse. Elit incididunt eiusmod pariatur sunt qui aute qui et exercitation ad commodo amet voluptate.\r\n", "features":["Geoform", "Eclipto"], "industry":"Quonk", "postalCode":94842, "registered":"2015-12-29T04:58:02 +08:00"}, "geometry":{"type":"Point", "coordinates":[34.0696, -58.0541]}}