{"type":"Feature", "properties":{"_id":"5792454f2d1ddd0fbf451742", "age":20, "eyeColor":"blue", "name":"Buchanan Cruz", "gender":"male", "company":"NAMEBOX", "email":"buchanancruz@namebox.com", "phone":"+1 (883) 475-3185", "address":"918 Virginia Place, Blackgum, Arizona, 1867", "about":"Cupidatat excepteur tempor nisi pariatur eiusmod. Voluptate labore sit Lorem cupidatat sit. Irure cupidatat cillum ipsum non consequat adipisicing dolore commodo mollit reprehenderit et ullamco. Eu sint excepteur quis laboris sit non proident deserunt ullamco. Nulla magna in voluptate dolor non fugiat. Do et do labore anim Lorem deserunt ullamco adipisicing sint dolor.\r\n", "features":["Lunchpod"], "industry":"Quarx", "postalCode":87545, "registered":"2014-02-22T08:45:58 +08:00"}, "geometry":{"type":"Point", "coordinates":[62.3946, -54.3875]}}