{"type":"Feature", "properties":{"_id":"5792454f8c90d65cd06fcebf", "age":29, "eyeColor":"blue", "name":"Mcguire Kaufman", "gender":"male", "company":"TECHADE", "email":"mcguirekaufman@techade.com", "phone":"+1 (806) 462-3665", "address":"230 Quentin Road, Romeville, Tennessee, 1698", "about":"Occaecat eiusmod do amet aliquip cupidatat tempor est. Velit elit do do ad occaecat est. Aute ullamco anim et voluptate commodo velit pariatur non. Esse et ut ea eu dolor eu est enim sint dolore qui sint amet. Occaecat in aliqua ea proident. Velit labore tempor qui sint reprehenderit ut ipsum et enim Lorem.\r\n", "features":["Biotica", "Applidec", "Ezentia", "Mantrix"], "industry":"Fanfare", "postalCode":95258, "registered":"2015-07-16T01:30:28 +07:00"}, "geometry":{"type":"Point", "coordinates":[96.5642, 75.4731]}}