{"type":"Feature", "properties":{"_id":"5792454fa5058b57f84ac273", "age":36, "eyeColor":"brown", "name":"Noemi Glenn", "gender":"female", "company":"EXTRAGENE", "email":"noemiglenn@extragene.com", "phone":"+1 (942) 539-3188", "address":"162 Ainslie Street, Springdale, Minnesota, 826", "about":"Cillum velit deserunt dolore reprehenderit quis. Dolor nostrud ipsum exercitation consequat pariatur incididunt eiusmod aute quis magna proident reprehenderit. Minim sit magna veniam adipisicing Lorem proident et in laboris incididunt. Pariatur voluptate aliquip sint labore Lorem cillum. Est tempor aute fugiat occaecat dolore dolor aliqua et sunt nisi officia.\r\n", "features":["Tersanki", "Rocklogic"], "industry":"Elentrix", "postalCode":92747, "registered":"2014-07-16T08:06:12 +07:00"}, "geometry":{"type":"Point", "coordinates":[127.1394, 75.593]}}