{"type":"Feature", "properties":{"_id":"5792454f24eb87f76de24753", "age":23, "eyeColor":"blue", "name":"Wilma Malone", "gender":"female", "company":"NETUR", "email":"wilmamalone@netur.com", "phone":"+1 (913) 596-2745", "address":"371 Bartlett Place, Greenock, Wyoming, 9605", "about":"Aliquip incididunt proident labore voluptate aute. Ullamco sit voluptate eu consectetur. Lorem consequat sunt minim velit labore dolor ut aute sint ex exercitation deserunt dolor consectetur.\r\n", "features":["Codax", "Rotodyne", "Liquicom"], "industry":"Bitrex", "postalCode":93341, "registered":"2014-05-25T02:40:53 +07:00"}, "geometry":{"type":"Point", "coordinates":[86.2551, -75.6781]}}