{"type":"Feature", "properties":{"_id":"5792454fcda3e770298d470a", "age":33, "eyeColor":"brown", "name":"Christa Guy", "gender":"female", "company":"ZEDALIS", "email":"christaguy@zedalis.com", "phone":"+1 (828) 587-3249", "address":"123 Willoughby Street, Alleghenyville, Rhode Island, 7846", "about":"Proident reprehenderit do deserunt quis qui proident irure commodo qui quis non. Aliquip enim nulla excepteur exercitation nulla pariatur. Sint et enim sint id laborum eiusmod commodo laboris id adipisicing quis aliquip. Dolore amet sit ut officia enim voluptate ipsum incididunt. Aliqua amet eiusmod in ipsum excepteur dolor ullamco tempor.\r\n", "features":[], "industry":"Letpro", "postalCode":88152, "registered":"2016-01-10T05:42:38 +08:00"}, "geometry":{"type":"Point", "coordinates":[2.9817, 65.6158]}}