{"type":"Feature", "properties":{"_id":"5792454e0c8ae269bda634e8", "age":32, "eyeColor":"green", "name":"Holder Wilson", "gender":"male", "company":"AMTAP", "email":"holderwilson@amtap.com", "phone":"+1 (875) 512-2409", "address":"191 Forest Place, Lloyd, Guam, 1889", "about":"Dolor mollit ipsum ad irure sit nostrud. Ea sunt sint ipsum id aute labore sunt excepteur. Occaecat voluptate minim ad adipisicing eiusmod nulla qui quis voluptate magna. Labore velit dolor elit qui laboris eu tempor tempor occaecat anim. Laborum duis nostrud consequat quis. Reprehenderit ex anim in aliquip est qui officia sint adipisicing aliqua in.\r\n", "features":["Nspire", "Songlines", "Wazzu"], "industry":"Eschoir", "postalCode":80846, "registered":"2015-04-07T10:29:37 +07:00"}, "geometry":{"type":"Point", "coordinates":[156.8036, -15.44]}}