{"type":"Feature", "properties":{"_id":"5792454f9d9a0e39f4942290", "age":27, "eyeColor":"brown", "name":"Cameron Warner", "gender":"male", "company":"VIRXO", "email":"cameronwarner@virxo.com", "phone":"+1 (877) 532-2347", "address":"140 Orient Avenue, Dorneyville, New Jersey, 4667", "about":"Culpa sunt aute exercitation laboris occaecat. Incididunt cupidatat qui ullamco laborum sint. Nostrud est eu adipisicing deserunt aute id in culpa duis veniam. Nisi irure dolor tempor occaecat occaecat est quis consequat id laboris mollit. Nostrud excepteur id amet nostrud commodo nulla dolor ex laboris ea enim non pariatur nulla. Dolor irure mollit non nostrud eu id amet est reprehenderit reprehenderit veniam.\r\n", "features":["Sarasonic"], "industry":"Voratak", "postalCode":95543, "registered":"2014-04-13T03:19:03 +07:00"}, "geometry":{"type":"Point", "coordinates":[-65.6814, -49.4608]}}