{"type":"Feature", "properties":{"_id":"5792454f3c09257f26c2064a", "age":26, "eyeColor":"green", "name":"York Sears", "gender":"male", "company":"WAZZU", "email":"yorksears@wazzu.com", "phone":"+1 (989) 413-2152", "address":"300 Gatling Place, Hardyville, Mississippi, 9417", "about":"Laboris deserunt exercitation exercitation esse non duis ad. Qui occaecat velit officia aute laborum anim consequat consequat labore aute enim. Culpa et eiusmod duis quis mollit ut. Minim enim ipsum cillum non consectetur Lorem exercitation dolore sit enim adipisicing fugiat.\r\n", "features":["Eschoir"], "industry":"Zenolux", "postalCode":91453, "registered":"2014-12-04T06:41:08 +08:00"}, "geometry":{"type":"Point", "coordinates":[28.3618, 80.8608]}}