{"type":"Feature", "properties":{"_id":"5792454fbea45d6f2f750d1c", "age":40, "eyeColor":"green", "name":"Greer Sargent", "gender":"male", "company":"COMTOURS", "email":"greersargent@comtours.com", "phone":"+1 (901) 556-3951", "address":"904 Mill Avenue, Chapin, Colorado, 2883", "about":"Nisi proident commodo minim et labore eu aliqua sunt id ex eiusmod Lorem. Nulla irure duis tempor esse et sint deserunt irure et enim qui sint enim. Magna et minim cupidatat reprehenderit exercitation quis deserunt cillum id quis enim. Occaecat adipisicing ad velit elit ad culpa amet pariatur sint Lorem consectetur voluptate magna elit. Quis qui enim in consectetur Lorem id adipisicing veniam quis. Eu do dolor dolore sint consectetur anim eu mollit labore consequat in excepteur.\r\n", "features":["Kozgene"], "industry":"Kidstock", "postalCode":86856, "registered":"2015-02-22T05:42:05 +08:00"}, "geometry":{"type":"Point", "coordinates":[91.4332, -19.8716]}}