{"type":"Feature", "properties":{"_id":"5792454f68a242237744bfc3", "age":23, "eyeColor":"brown", "name":"Sara Gibbs", "gender":"female", "company":"STEELTAB", "email":"saragibbs@steeltab.com", "phone":"+1 (820) 598-2052", "address":"681 Furman Street, Waverly, New Hampshire, 6315", "about":"Voluptate amet mollit qui laboris commodo amet nisi non excepteur. Incididunt dolor cillum dolore sit occaecat nostrud do. Aute nisi officia duis est ea sunt ipsum incididunt magna anim nulla magna qui consectetur. Ad consequat dolore nostrud cillum deserunt consectetur. Lorem adipisicing sint et commodo cupidatat anim anim sit. Fugiat est cupidatat velit velit aute exercitation consequat magna in est laboris nostrud esse. Sint laboris aliquip et nisi consectetur velit aliquip irure consequat magna ex aliquip dolore ut.\r\n", "features":["Oceanica", "Knowlysis", "Billmed", "Neptide"], "industry":"Zillacom", "postalCode":83149, "registered":"2015-11-12T08:55:09 +08:00"}, "geometry":{"type":"Point", "coordinates":[4.9958, -37.792]}}