{"type":"Feature", "properties":{"_id":"5792454f082b4e071a8d5197", "age":22, "eyeColor":"green", "name":"Corina Mcgee", "gender":"female", "company":"FITCORE", "email":"corinamcgee@fitcore.com", "phone":"+1 (924) 520-3179", "address":"162 Evergreen Avenue, Urie, Virgin Islands, 5842", "about":"Aute officia ea est sint excepteur est eiusmod cillum aute in magna ea. Laboris est labore eiusmod cupidatat aliqua. Sunt eiusmod laboris minim enim nostrud aute occaecat consequat amet exercitation et ad. Est do elit exercitation sint dolor elit esse exercitation duis culpa ut. Consequat enim ut incididunt officia occaecat sint est pariatur.\r\n", "features":["Ceprene", "Furnafix", "Optique", "Tingles"], "industry":"Imkan", "postalCode":83649, "registered":"2015-11-15T01:44:19 +08:00"}, "geometry":{"type":"Point", "coordinates":[36.9069, -85.894]}}