{"type":"Feature", "properties":{"_id":"5792454fd23f9120e99d6e17", "age":40, "eyeColor":"brown", "name":"Pate Holcomb", "gender":"male", "company":"VETRON", "email":"pateholcomb@vetron.com", "phone":"+1 (868) 457-3108", "address":"914 Tiffany Place, Drummond, Kansas, 2723", "about":"Laborum voluptate amet dolore cillum consectetur ipsum amet ea officia exercitation Lorem. Incididunt aliqua est dolore qui eiusmod id pariatur esse eiusmod amet. Dolore nisi pariatur adipisicing laborum proident amet excepteur.\r\n", "features":[], "industry":"Comdom", "postalCode":92152, "registered":"2016-02-21T02:47:10 +08:00"}, "geometry":{"type":"Point", "coordinates":[83.1069, 8.774]}}