{"type":"Feature", "properties":{"_id":"5792454f69063928203089a7", "age":21, "eyeColor":"green", "name":"Dawson Holder", "gender":"male", "company":"ENVIRE", "email":"dawsonholder@envire.com", "phone":"+1 (989) 440-3607", "address":"129 Beadel Street, Frierson, Washington, 9833", "about":"Sit pariatur duis ad commodo voluptate consectetur amet cupidatat aliquip. Aliquip laboris amet esse aliqua enim dolor dolor. Quis exercitation culpa et laboris laborum qui proident ullamco esse. Eiusmod ad veniam et occaecat officia consequat irure voluptate minim occaecat. Lorem culpa velit nisi ipsum culpa minim elit deserunt exercitation mollit id aute. Consequat laborum incididunt ex voluptate duis occaecat ad Lorem esse.\r\n", "features":["Zentry", "Zoarere", "Plasmosis"], "industry":"Corepan", "postalCode":90557, "registered":"2014-04-28T03:07:10 +07:00"}, "geometry":{"type":"Point", "coordinates":[-97.7617, 36.4896]}}