{"type":"Feature", "properties":{"_id":"5792454fcfdd1c5af5a128d7", "age":27, "eyeColor":"blue", "name":"Natalie Decker", "gender":"female", "company":"ISOLOGICA", "email":"nataliedecker@isologica.com", "phone":"+1 (834) 505-2395", "address":"600 Rockwell Place, Tivoli, Alabama, 8994", "about":"Anim eu dolore ullamco id veniam adipisicing consectetur. Aute Lorem veniam dolor voluptate et. Incididunt cupidatat excepteur laboris sunt officia occaecat et minim minim voluptate occaecat.\r\n", "features":["Orbalix"], "industry":"Turnabout", "postalCode":85346, "registered":"2016-06-28T07:05:31 +07:00"}, "geometry":{"type":"Point", "coordinates":[-41.4921, 58.2781]}}