{"type":"Feature", "properties":{"_id":"5792454e41b5f47c68343392", "age":38, "eyeColor":"green", "name":"Ware Vang", "gender":"male", "company":"GEEKKO", "email":"warevang@geekko.com", "phone":"+1 (963) 464-3060", "address":"119 Frank Court, Forbestown, Hawaii, 5156", "about":"Voluptate dolore velit adipisicing incididunt adipisicing dolore ea. Voluptate fugiat occaecat adipisicing aliquip culpa. Nostrud consectetur irure duis qui quis magna pariatur veniam quis amet magna. Consequat mollit laborum veniam magna officia irure proident consectetur consectetur anim amet. Laboris deserunt ex pariatur aute ex et Lorem sint nostrud nostrud commodo excepteur Lorem. Dolore sit ex amet minim qui ullamco.\r\n", "features":[], "industry":"Comtours", "postalCode":90042, "registered":"2016-04-04T09:07:56 +07:00"}, "geometry":{"type":"Point", "coordinates":[-125.5859, 50.2648]}}