{"type":"Feature", "properties":{"_id":"5792454f4e1e9c9eddab61ea", "age":37, "eyeColor":"green", "name":"Wolf Jimenez", "gender":"male", "company":"AMTAP", "email":"wolfjimenez@amtap.com", "phone":"+1 (830) 478-3678", "address":"681 Rutledge Street, Fairhaven, Texas, 6844", "about":"Proident duis nisi mollit tempor nisi laborum nostrud laboris dolore. Adipisicing amet non irure in pariatur consectetur fugiat exercitation. Cupidatat dolore laboris veniam quis culpa exercitation dolore id. Deserunt ex nisi eiusmod nulla aliqua nostrud quis excepteur voluptate. Laborum elit nulla ea velit exercitation labore eiusmod voluptate ullamco occaecat.\r\n", "features":["Nspire"], "industry":"Songlines", "postalCode":82356, "registered":"2016-02-08T07:39:50 +08:00"}, "geometry":{"type":"Point", "coordinates":[-4.8, 81.7612]}}