{"type":"Feature", "properties":{"_id":"5792454fe3bb2f3752c5fdfb", "age":40, "eyeColor":"brown", "name":"Grimes Zimmerman", "gender":"male", "company":"ACCUFARM", "email":"grimeszimmerman@accufarm.com", "phone":"+1 (882) 496-2158", "address":"603 Essex Street, Freeburn, California, 6195", "about":"Commodo veniam adipisicing cillum laborum proident occaecat labore irure non. Ullamco quis amet ullamco voluptate non officia labore id laborum voluptate ut enim non. Sunt esse eiusmod aliqua pariatur aliqua id laborum irure elit occaecat. Mollit ipsum exercitation minim occaecat amet dolore fugiat velit et aliquip cupidatat. Laborum cillum voluptate aliquip amet velit cillum.\r\n", "features":["Grainspot", "Limozen", "Enersol", "Empirica"], "industry":"Frosnex", "postalCode":87558, "registered":"2015-11-02T02:37:34 +08:00"}, "geometry":{"type":"Point", "coordinates":[-157.0854, 51.2609]}}