{"type":"Feature", "properties":{"_id":"5792454f2aa301ac813f74c4", "age":38, "eyeColor":"brown", "name":"Eleanor Gay", "gender":"female", "company":"EXOZENT", "email":"eleanorgay@exozent.com", "phone":"+1 (918) 513-2714", "address":"726 Clark Street, Cucumber, Illinois, 8506", "about":"Deserunt aliquip tempor occaecat cillum. Commodo ullamco minim labore id nisi et non velit sit occaecat veniam aliqua deserunt. Officia elit aute amet laboris qui ipsum mollit sit nisi commodo ex fugiat id sint. Eiusmod proident occaecat voluptate officia velit in qui in pariatur ut enim veniam minim occaecat. Reprehenderit deserunt aliquip proident ea laboris sint ea nostrud labore. Pariatur nulla laborum quis enim excepteur enim do quis.\r\n", "features":["Malathion"], "industry":"Magneato", "postalCode":91547, "registered":"2015-05-10T06:46:11 +07:00"}, "geometry":{"type":"Point", "coordinates":[3.6226, 3.9425]}}