{"type":"Feature", "properties":{"_id":"5792454f725c35368acdaf20", "age":31, "eyeColor":"blue", "name":"Sandoval Porter", "gender":"male", "company":"OZEAN", "email":"sandovalporter@ozean.com", "phone":"+1 (836) 565-2672", "address":"288 Walker Court, Foxworth, Alabama, 8467", "about":"Nulla consectetur sunt velit magna culpa ipsum sint Lorem duis fugiat. Est cillum irure occaecat veniam nostrud eu magna laborum consequat commodo fugiat adipisicing. Nostrud ullamco non Lorem consequat in culpa laboris incididunt reprehenderit ut sint. Aliqua adipisicing deserunt laborum reprehenderit ut sunt ad dolor sunt proident id irure occaecat tempor. Dolore mollit sit occaecat laborum Lorem minim Lorem reprehenderit dolor deserunt ipsum occaecat in nisi.\r\n", "features":["Centuria"], "industry":"Quarmony", "postalCode":83852, "registered":"2016-06-03T09:10:25 +07:00"}, "geometry":{"type":"Point", "coordinates":[-123.0405, -44.0801]}}