{"type":"Feature", "properties":{"_id":"5792454f5f878cf6f7835c2b", "age":32, "eyeColor":"brown", "name":"Melton Golden", "gender":"male", "company":"PROSURE", "email":"meltongolden@prosure.com", "phone":"+1 (940) 524-3514", "address":"799 Clinton Avenue, Moraida, Idaho, 2145", "about":"Officia esse tempor culpa occaecat reprehenderit tempor cupidatat qui aliqua nisi. Id consectetur veniam aliquip laboris duis culpa. Magna nostrud minim reprehenderit pariatur do fugiat pariatur do. Sint in excepteur dolore nisi mollit. Exercitation laboris nostrud non fugiat amet anim id nostrud qui dolore laborum do.\r\n", "features":["Cognicode", "Plasmox", "Globoil"], "industry":"Geekol", "postalCode":80050, "registered":"2014-09-28T01:37:31 +07:00"}, "geometry":{"type":"Point", "coordinates":[49.8393, -49.0802]}}