{"type":"Feature", "properties":{"_id":"5792454ffc149f2065e83396", "age":39, "eyeColor":"brown", "name":"Barker Rodriguez", "gender":"male", "company":"EWAVES", "email":"barkerrodriguez@ewaves.com", "phone":"+1 (979) 507-3179", "address":"910 Chester Street, Harrodsburg, North Dakota, 712", "about":"Irure non ullamco et elit tempor. Excepteur adipisicing reprehenderit pariatur veniam aliqua nisi. Officia amet reprehenderit cupidatat veniam adipisicing eu. Occaecat culpa ut veniam deserunt dolore aute aute non sit incididunt incididunt. Reprehenderit laborum cillum velit quis sunt occaecat consectetur ipsum veniam ad qui.\r\n", "features":["Octocore", "Enquility", "Nurplex"], "industry":"Sensate", "postalCode":90845, "registered":"2014-10-25T04:12:22 +07:00"}, "geometry":{"type":"Point", "coordinates":[-149.9019, 47.6618]}}