{"type":"Feature", "properties":{"_id":"5792454e318bcb9f2229aef0", "age":32, "eyeColor":"brown", "name":"Knight Sparks", "gender":"male", "company":"VOIPA", "email":"knightsparks@voipa.com", "phone":"+1 (908) 405-3174", "address":"491 Will Place, Inkerman, District Of Columbia, 1573", "about":"Laboris qui Lorem labore in sunt. Eiusmod veniam sint nisi magna cillum elit ipsum pariatur id ut duis. Ipsum irure eiusmod cillum officia deserunt irure in nostrud ut magna elit proident elit. Officia mollit ea enim et culpa Lorem voluptate proident adipisicing. Fugiat nisi aliquip cillum quis. Excepteur culpa incididunt dolore nostrud labore dolore. Labore occaecat ut elit incididunt aute.\r\n", "features":["Verbus", "Zipak", "Ewaves", "Octocore"], "industry":"Enquility", "postalCode":97250, "registered":"2015-01-20T02:48:09 +08:00"}, "geometry":{"type":"Point", "coordinates":[17.6568, -81.7616]}}