{"type":"Feature", "properties":{"_id":"5792454f4dfef7f410a883f6", "age":31, "eyeColor":"green", "name":"Little Armstrong", "gender":"male", "company":"ORBIN", "email":"littlearmstrong@orbin.com", "phone":"+1 (868) 408-2623", "address":"614 Overbaugh Place, Bangor, West Virginia, 6458", "about":"Culpa adipisicing cillum eiusmod ullamco adipisicing dolor do consequat exercitation voluptate dolor consequat. Id veniam nulla sit exercitation Lorem. Non quis laborum sunt ad magna officia occaecat adipisicing ea duis labore elit proident. Ut elit aliquip magna et consectetur amet do occaecat commodo cillum incididunt veniam. Lorem elit laboris laborum occaecat. Labore eu duis esse exercitation fugiat.\r\n", "features":["Gluid", "Terascape", "Netagy"], "industry":"Sportan", "postalCode":99941, "registered":"2015-10-27T05:19:24 +07:00"}, "geometry":{"type":"Point", "coordinates":[-83.6225, -27.2683]}}