{"type":"Feature", "properties":{"_id":"5792454fbcce0d2b4beb716f", "age":24, "eyeColor":"blue", "name":"Fitzpatrick Ballard", "gender":"male", "company":"QUINEX", "email":"fitzpatrickballard@quinex.com", "phone":"+1 (803) 431-3483", "address":"601 Hunts Lane, Rivereno, Arkansas, 5444", "about":"Et duis id proident exercitation aute voluptate exercitation et commodo do Lorem in. Velit anim dolor id reprehenderit occaecat irure dolor. Eiusmod aliquip dolore duis anim mollit occaecat tempor dolore. Sit minim amet ea irure fugiat adipisicing velit incididunt aliqua aliquip. Nulla occaecat velit ullamco in tempor minim do ullamco culpa amet. Aliqua labore minim quis ut id nostrud magna consectetur ipsum enim do nostrud labore sit. Dolor consequat voluptate est Lorem et incididunt magna adipisicing esse aliqua.\r\n", "features":["Exoblue", "Netropic", "Opticom"], "industry":"Ecraze", "postalCode":96041, "registered":"2016-05-04T05:18:07 +07:00"}, "geometry":{"type":"Point", "coordinates":[-107.7562, -41.6998]}}