{"type":"Feature", "properties":{"_id":"5792454f08d080ee462b9129", "age":30, "eyeColor":"green", "name":"Juliette Leonard", "gender":"female", "company":"ZOXY", "email":"julietteleonard@zoxy.com", "phone":"+1 (868) 442-3770", "address":"675 Lyme Avenue, Winesburg, Louisiana, 1313", "about":"Commodo labore adipisicing quis sint. Reprehenderit qui non mollit cupidatat est exercitation laborum et minim qui ipsum ad. Irure mollit reprehenderit quis sunt culpa adipisicing exercitation pariatur laboris aliqua sunt anim eu. Pariatur voluptate laboris fugiat exercitation pariatur aliquip irure dolor. Eiusmod aliqua est nostrud nulla culpa do. Esse nisi non enim anim. Dolore mollit Lorem sit aute ullamco non qui cillum dolore adipisicing eiusmod.\r\n", "features":["Accruex", "Turnling"], "industry":"Pyrami", "postalCode":82349, "registered":"2014-10-19T01:58:27 +07:00"}, "geometry":{"type":"Point", "coordinates":[82.9961, 30.8314]}}