{"type":"Feature", "properties":{"_id":"5792454fe95fd93704975b7b", "age":30, "eyeColor":"brown", "name":"Wilkinson Vega", "gender":"male", "company":"EMTRAK", "email":"wilkinsonvega@emtrak.com", "phone":"+1 (911) 459-3134", "address":"232 Olive Street, Brookfield, Oregon, 7091", "about":"Eu elit labore minim aliquip. Esse cillum est labore aliqua. Cillum aliqua cillum do veniam veniam aliquip excepteur id eu proident dolore excepteur exercitation. Consectetur sunt enim do excepteur elit Lorem et in nulla proident non commodo. Laborum quis culpa minim do eiusmod laborum ut.\r\n", "features":["Zilphur", "Menbrain", "Delphide"], "industry":"Enomen", "postalCode":84559, "registered":"2014-01-16T05:44:50 +08:00"}, "geometry":{"type":"Point", "coordinates":[171.28, -76.0358]}}