{"type":"Feature", "properties":{"_id":"5792454e916a936c4b370d78", "age":20, "eyeColor":"green", "name":"Daniel Williamson", "gender":"male", "company":"COMVEYOR", "email":"danielwilliamson@comveyor.com", "phone":"+1 (845) 489-3689", "address":"257 Dewitt Avenue, Dunlo, Utah, 1333", "about":"Tempor consectetur sint mollit aute ad ea Lorem officia magna nisi tempor. Fugiat ex laboris esse labore occaecat exercitation dolor officia. Enim ad ipsum eiusmod id veniam minim culpa do laboris do proident ad. Culpa culpa enim ut officia elit nisi magna commodo labore dolor magna commodo velit. Nostrud cillum officia Lorem irure anim.\r\n", "features":["Gleamink", "Bicol"], "industry":"Bugsall", "postalCode":92553, "registered":"2015-06-05T09:48:06 +07:00"}, "geometry":{"type":"Point", "coordinates":[56.0724, 60.8822]}}