{"type":"Feature", "properties":{"_id":"5792454fa3aea4072cc46d1f", "age":35, "eyeColor":"blue", "name":"Lara Chandler", "gender":"male", "company":"COMVERGES", "email":"larachandler@comverges.com", "phone":"+1 (829) 407-3838", "address":"172 Tapscott Avenue, Bladensburg, Maryland, 792", "about":"Ipsum fugiat aliqua culpa est quis. Reprehenderit ea consequat sit nisi. Laborum amet commodo minim ex amet aliquip sit eu aliquip amet. Consequat ipsum duis qui magna irure tempor nostrud deserunt.\r\n", "features":["Vortexaco", "Qualitex", "Viasia", "Comvex"], "industry":"Uplinx", "postalCode":96458, "registered":"2015-03-20T12:36:43 +07:00"}, "geometry":{"type":"Point", "coordinates":[-27.8969, 12.535]}}