{"type":"Feature", "properties":{"_id":"5792454f55537119c2fa2e37", "age":40, "eyeColor":"brown", "name":"Ilene Hubbard", "gender":"female", "company":"GINKOGENE", "email":"ilenehubbard@ginkogene.com", "phone":"+1 (851) 433-2717", "address":"466 Irwin Street, Grantville, New York, 3891", "about":"Laborum enim voluptate reprehenderit aute. Consectetur minim commodo dolore velit voluptate consequat esse consectetur. Ex dolore qui eiusmod labore laboris esse excepteur. Velit labore est nulla enim deserunt irure consectetur nostrud laborum eiusmod. Quis velit aute cupidatat cillum non sint reprehenderit nulla excepteur sint minim do nulla.\r\n", "features":[], "industry":"Xelegyl", "postalCode":96559, "registered":"2014-03-20T08:15:10 +07:00"}, "geometry":{"type":"Point", "coordinates":[139.7106, -84.2793]}}