{"type":"Feature", "properties":{"_id":"5792454f7e3cd11530049643", "age":29, "eyeColor":"green", "name":"Mccoy Coffey", "gender":"male", "company":"ACUSAGE", "email":"mccoycoffey@acusage.com", "phone":"+1 (991) 539-3210", "address":"206 Kingsway Place, Waterview, Colorado, 6100", "about":"Est sint nostrud elit proident. Lorem sint anim sunt incididunt dolor Lorem reprehenderit exercitation adipisicing laborum. Culpa nisi consequat anim est quis aute occaecat consequat velit est deserunt.\r\n", "features":[], "industry":"Utara", "postalCode":92842, "registered":"2014-05-27T10:33:51 +07:00"}, "geometry":{"type":"Point", "coordinates":[164.9702, 37.7626]}}