{"type":"Feature", "properties":{"_id":"5792454f5956458d9af0f1df", "age":31, "eyeColor":"blue", "name":"Margo Clark", "gender":"female", "company":"GENMY", "email":"margoclark@genmy.com", "phone":"+1 (834) 484-3890", "address":"823 Devoe Street, Westerville, South Carolina, 3008", "about":"Sint dolore est nisi sit sunt commodo et. Sit dolor labore ullamco Lorem ut nulla minim proident in irure veniam ea in. Fugiat velit ullamco dolor Lorem tempor nostrud est aute Lorem est ipsum magna reprehenderit. Aliqua aute aliquip in nostrud aliquip minim nulla ullamco dolor incididunt proident in laboris pariatur. Non fugiat duis qui reprehenderit proident deserunt. Et nostrud velit consequat ipsum reprehenderit in est et id.\r\n", "features":["Glasstep", "Motovate"], "industry":"Uniworld", "postalCode":80344, "registered":"2015-12-27T02:39:56 +08:00"}, "geometry":{"type":"Point", "coordinates":[-175.6928, -76.3225]}}