{"type":"Feature", "properties":{"_id":"5792454ec7d5284abab568b6", "age":32, "eyeColor":"blue", "name":"Gallegos Blackwell", "gender":"male", "company":"KOZGENE", "email":"gallegosblackwell@kozgene.com", "phone":"+1 (913) 574-2581", "address":"637 Irving Place, Johnsonburg, Idaho, 1900", "about":"Laboris sit anim excepteur pariatur veniam excepteur cupidatat esse dolor ullamco veniam velit. Eiusmod velit voluptate enim id incididunt duis aliquip elit mollit magna anim deserunt occaecat. Officia cillum fugiat mollit et. In sunt veniam esse proident dolore excepteur est labore id. Ut sint dolore quis velit laborum sunt. Nostrud aliqua in aute proident velit voluptate laborum ad et Lorem irure do.\r\n", "features":["Kidstock", "Kage", "Conferia", "Keengen"], "industry":"Zillatide", "postalCode":82842, "registered":"2016-07-02T07:19:43 +07:00"}, "geometry":{"type":"Point", "coordinates":[11.1207, 37.089]}}