{"type":"Feature", "properties":{"_id":"5792454fefd8ccc39bcd559d", "age":34, "eyeColor":"brown", "name":"Carroll Schneider", "gender":"male", "company":"ARCTIQ", "email":"carrollschneider@arctiq.com", "phone":"+1 (828) 571-2260", "address":"196 Radde Place, Jackpot, Nebraska, 8426", "about":"Tempor qui minim aliquip ea esse in quis non laboris mollit quis nostrud aute. Officia fugiat cillum excepteur nisi sunt esse sint laborum aute. Ut nulla ipsum labore voluptate in sit. Non fugiat minim duis nostrud mollit amet commodo sunt cillum sunt.\r\n", "features":["Radiantix"], "industry":"Amril", "postalCode":92650, "registered":"2016-06-30T10:18:22 +07:00"}, "geometry":{"type":"Point", "coordinates":[-127.978, 35.8304]}}