{"type":"Feature", "properties":{"_id":"5792454f974794c60bb31242", "age":39, "eyeColor":"blue", "name":"Moore Sutton", "gender":"male", "company":"COLLAIRE", "email":"mooresutton@collaire.com", "phone":"+1 (887) 478-3943", "address":"787 Oakland Place, Tilden, Alaska, 4954", "about":"Nulla elit velit ex magna amet nisi non ut. Ipsum reprehenderit sunt do sint laborum. Laborum dolor Lorem et consectetur. Nulla irure mollit proident dolor occaecat labore ex. Reprehenderit proident fugiat labore reprehenderit aliqua commodo ea reprehenderit enim nostrud voluptate. Do ea qui laborum ex est ex irure. Proident veniam eu culpa esse elit ipsum veniam Lorem ad.\r\n", "features":[], "industry":"Enormo", "postalCode":94757, "registered":"2014-06-21T06:37:24 +07:00"}, "geometry":{"type":"Point", "coordinates":[18.709, 51.1528]}}