{"type":"Feature", "properties":{"_id":"5792454f23c511ee2de13023", "age":27, "eyeColor":"blue", "name":"Weeks Cross", "gender":"male", "company":"MEDMEX", "email":"weekscross@medmex.com", "phone":"+1 (999) 463-3566", "address":"671 Bay Avenue, Marenisco, Wyoming, 1772", "about":"Ullamco enim aliqua ex duis voluptate id non. Commodo esse cillum sunt exercitation sunt irure exercitation. Consequat anim cillum do proident ipsum sit do dolore nulla aute ut voluptate anim. Aliquip ullamco culpa incididunt fugiat elit deserunt commodo. Nostrud elit amet fugiat nulla aliqua consequat nostrud consequat eiusmod quis. Ullamco cillum dolore laboris sint irure tempor irure ea sint.\r\n", "features":["Micronaut"], "industry":"Opticon", "postalCode":95842, "registered":"2016-01-18T03:41:52 +08:00"}, "geometry":{"type":"Point", "coordinates":[40.9317, 57.3402]}}