{"type":"Feature", "properties":{"_id":"5792454f4b5f6835eda4fbd8", "age":33, "eyeColor":"blue", "name":"Lola Foley", "gender":"female", "company":"SATIANCE", "email":"lolafoley@satiance.com", "phone":"+1 (853) 454-3108", "address":"392 Newton Street, Clarence, Vermont, 6826", "about":"Velit id amet eu nostrud pariatur eu ipsum enim nulla excepteur culpa aute. Duis exercitation eiusmod velit exercitation velit irure sit in ad. Anim cupidatat aliqua commodo ex duis occaecat culpa elit dolor enim ea est dolor. Occaecat sunt in dolor voluptate ut.\r\n", "features":["Flumbo", "Illumity", "Talendula", "Zerbina"], "industry":"Telequiet", "postalCode":96744, "registered":"2014-04-07T07:22:35 +07:00"}, "geometry":{"type":"Point", "coordinates":[82.6399, -30.2398]}}