{"type":"Feature", "properties":{"_id":"5792454fc726d71c12028a19", "age":31, "eyeColor":"brown", "name":"Angelita Oneil", "gender":"female", "company":"THREDZ", "email":"angelitaoneil@thredz.com", "phone":"+1 (947) 401-3842", "address":"150 Madoc Avenue, Deputy, Washington, 3911", "about":"Consequat labore aliqua nostrud amet ex ullamco magna commodo esse et. Deserunt ea nisi consequat mollit ea adipisicing. Do consequat eiusmod nulla id eiusmod quis enim ea culpa exercitation elit adipisicing.\r\n", "features":["Cogentry", "Marvane"], "industry":"Artworlds", "postalCode":96743, "registered":"2015-09-30T03:44:06 +07:00"}, "geometry":{"type":"Point", "coordinates":[41.6718, 4.1125]}}