{"type":"Feature", "properties":{"_id":"5792454fe66c7a8dc8fb4261", "age":34, "eyeColor":"brown", "name":"Moran Hodge", "gender":"male", "company":"PHUEL", "email":"moranhodge@phuel.com", "phone":"+1 (801) 440-2688", "address":"584 Cozine Avenue, Bethpage, Nebraska, 9890", "about":"Cupidatat ex ea ipsum irure consectetur voluptate ipsum fugiat aliqua duis cillum deserunt deserunt sit. Magna consequat excepteur elit eiusmod aliqua. Cupidatat eu eiusmod sint duis. Ipsum occaecat nostrud fugiat sunt eiusmod voluptate qui in in nostrud laborum commodo. Incididunt quis nostrud laboris esse. Irure proident dolore tempor cupidatat et ex anim minim esse ad reprehenderit anim.\r\n", "features":["Infotrips", "Combot", "Twiist"], "industry":"Scenty", "postalCode":94260, "registered":"2015-11-16T11:59:18 +08:00"}, "geometry":{"type":"Point", "coordinates":[95.8997, 54.057]}}