{"type":"Feature", "properties":{"_id":"5792454fc2e93d5e897152f2", "age":29, "eyeColor":"green", "name":"Fuentes Morrow", "gender":"male", "company":"AQUACINE", "email":"fuentesmorrow@aquacine.com", "phone":"+1 (962) 406-3977", "address":"945 Lefferts Avenue, Biddle, Indiana, 2543", "about":"Non in commodo anim amet excepteur nisi. Do id anim excepteur aliquip. Nisi do voluptate laboris ipsum excepteur officia. Aliqua est fugiat dolor quis elit laborum consequat minim aute cupidatat sint. Reprehenderit duis consectetur et excepteur do.\r\n", "features":["Emoltra", "Imperium", "Interodeo", "Isodrive"], "industry":"Cemention", "postalCode":93054, "registered":"2015-05-22T06:19:45 +07:00"}, "geometry":{"type":"Point", "coordinates":[-165.6514, -42.0064]}}