{"type":"Feature", "properties":{"_id":"5792454f3f8a6f3bd860a449", "age":35, "eyeColor":"blue", "name":"Bridget Holden", "gender":"female", "company":"BOINK", "email":"bridgetholden@boink.com", "phone":"+1 (931) 529-3223", "address":"856 Winthrop Street, Kempton, New Mexico, 1375", "about":"Dolor ea aute duis nostrud non consectetur amet non non enim enim pariatur. Eiusmod velit proident quis amet incididunt. Exercitation ipsum occaecat ullamco occaecat reprehenderit eiusmod nulla eiusmod nostrud eu nisi non adipisicing.\r\n", "features":["Cyclonica", "Filodyne", "Manglo"], "industry":"Zensus", "postalCode":88140, "registered":"2015-10-31T12:09:56 +07:00"}, "geometry":{"type":"Point", "coordinates":[1.9033, 53.2113]}}