{"type":"Feature", "properties":{"_id":"5792454f3738bc944f6b1711", "age":33, "eyeColor":"brown", "name":"Hill Clay", "gender":"male", "company":"REALYSIS", "email":"hillclay@realysis.com", "phone":"+1 (822) 501-3198", "address":"604 Mill Street, Motley, New York, 2482", "about":"Aliquip et cillum occaecat et et dolore aliqua reprehenderit aliqua excepteur dolor. Occaecat velit nulla ex nostrud reprehenderit ut veniam aliqua fugiat ex sit sint quis irure. Esse consequat nisi nostrud exercitation amet consectetur Lorem laboris culpa. Excepteur consequat nisi esse non id ex pariatur.\r\n", "features":["Cinesanct", "Codact", "Isologia"], "industry":"Martgo", "postalCode":90042, "registered":"2015-11-29T06:06:51 +08:00"}, "geometry":{"type":"Point", "coordinates":[60.1947, -58.8543]}}