{"type":"Feature", "properties":{"_id":"5792454f2c263e6104a4e212", "age":39, "eyeColor":"brown", "name":"Ollie Montoya", "gender":"female", "company":"QUINTITY", "email":"olliemontoya@quintity.com", "phone":"+1 (988) 499-2840", "address":"325 Coles Street, Washington, Kentucky, 2739", "about":"Ex anim consequat excepteur velit mollit enim fugiat nulla incididunt anim irure est. Minim aliquip sit cillum velit. Culpa adipisicing nulla culpa magna duis magna do ex. Consectetur ad officia officia et sunt est ad proident consequat. Commodo consectetur esse velit in incididunt esse adipisicing nulla irure ullamco.\r\n", "features":["Paprikut", "Volax", "Jimbies"], "industry":"Kangle", "postalCode":83356, "registered":"2015-12-15T09:25:08 +08:00"}, "geometry":{"type":"Point", "coordinates":[114.9219, 19.6257]}}