{"type":"Feature", "properties":{"_id":"5792454f5d5a2e7b149cad48", "age":33, "eyeColor":"green", "name":"Helga Acosta", "gender":"female", "company":"EARWAX", "email":"helgaacosta@earwax.com", "phone":"+1 (815) 463-3160", "address":"667 Benson Avenue, Carlos, Guam, 9581", "about":"Magna dolor ad aliqua aliqua in consectetur mollit. Irure aute adipisicing cillum enim commodo. Dolore fugiat deserunt eiusmod tempor exercitation velit est tempor ut proident Lorem. Est laboris commodo ullamco enim aliqua laborum eu consequat irure excepteur duis dolor incididunt. Duis nulla laborum dolore magna. Pariatur occaecat ea consequat ullamco mollit incididunt id excepteur ullamco fugiat consectetur irure. Proident eiusmod voluptate amet excepteur consectetur ad cillum amet deserunt excepteur ut elit quis.\r\n", "features":["Kog"], "industry":"Baluba", "postalCode":98760, "registered":"2014-03-31T07:57:09 +07:00"}, "geometry":{"type":"Point", "coordinates":[-60.2739, 40.5276]}}