{"type":"Feature", "properties":{"_id":"5792454f125ea763bb9e6d81", "age":40, "eyeColor":"green", "name":"Cortez William", "gender":"male", "company":"PHARMEX", "email":"cortezwilliam@pharmex.com", "phone":"+1 (840) 553-2733", "address":"563 Bowne Street, Clarksburg, Wisconsin, 8609", "about":"Deserunt nostrud irure ea veniam. Mollit do eiusmod magna magna officia dolor. Adipisicing velit adipisicing ea labore nulla qui occaecat excepteur cupidatat sunt qui aute enim. Ad est id magna magna cupidatat voluptate pariatur est et. Officia nisi sit amet adipisicing incididunt eiusmod id do proident aute enim sunt adipisicing. Sit qui eiusmod cupidatat voluptate ut eiusmod dolor dolor. Do dolor nulla aliquip duis officia laboris quis laborum officia laborum sit.\r\n", "features":["Extragen"], "industry":"Eyewax", "postalCode":82954, "registered":"2014-03-01T10:36:52 +08:00"}, "geometry":{"type":"Point", "coordinates":[169.0766, 74.6746]}}