{"type":"Feature", "properties":{"_id":"5792454f6d23929ef4ed60d3", "age":26, "eyeColor":"brown", "name":"Welch Bird", "gender":"male", "company":"TALKALOT", "email":"welchbird@talkalot.com", "phone":"+1 (837) 489-3800", "address":"960 Story Street, Stockdale, Arizona, 2582", "about":"Voluptate aliqua quis occaecat deserunt cupidatat cillum sint amet cupidatat cupidatat voluptate. Pariatur id exercitation adipisicing dolor sunt id ad incididunt deserunt voluptate duis do do ut. Sint aliquip nulla ut velit eu. Eiusmod enim magna elit laborum pariatur fugiat qui ipsum. Eu dolore do irure velit deserunt sit aliquip esse commodo pariatur. Excepteur sint in aliquip anim dolor ut.\r\n", "features":["Endipine"], "industry":"Bolax", "postalCode":89852, "registered":"2016-03-21T08:35:06 +07:00"}, "geometry":{"type":"Point", "coordinates":[-140.7382, -75.1922]}}