{"type":"Feature", "properties":{"_id":"5792454e814852132398b4d9", "age":22, "eyeColor":"blue", "name":"Cathy Norris", "gender":"female", "company":"ZANYMAX", "email":"cathynorris@zanymax.com", "phone":"+1 (802) 568-2026", "address":"302 Regent Place, Dunnavant, Arkansas, 2664", "about":"Ut labore in commodo non incididunt officia non sint amet voluptate ea ipsum. Amet dolor elit officia incididunt laborum. Elit et magna laboris labore aliquip dolore ipsum quis officia minim.\r\n", "features":["Plutorque", "Exozent"], "industry":"Malathion", "postalCode":86558, "registered":"2015-02-03T02:26:16 +08:00"}, "geometry":{"type":"Point", "coordinates":[164.6006, -40.6619]}}