{"type":"Feature", "properties":{"_id":"5792454fd97f64d72e79eab1", "age":27, "eyeColor":"green", "name":"Kate Mcpherson", "gender":"female", "company":"BUZZOPIA", "email":"katemcpherson@buzzopia.com", "phone":"+1 (935) 503-2264", "address":"870 Harway Avenue, Ona, Pennsylvania, 8534", "about":"Dolor quis veniam duis consequat voluptate eiusmod officia voluptate anim incididunt commodo consectetur. Exercitation dolor in sint aliquip non ea eu sint minim nisi. Est eiusmod consequat ea ipsum. Ea occaecat culpa elit eiusmod eiusmod sint. Reprehenderit ut ullamco proident cupidatat et.\r\n", "features":["Pigzart"], "industry":"Nimon", "postalCode":90547, "registered":"2014-07-17T03:11:21 +07:00"}, "geometry":{"type":"Point", "coordinates":[-138.3769, -35.9688]}}