{"type":"Feature", "properties":{"_id":"5792454fc85a0b6016e8194e", "age":20, "eyeColor":"blue", "name":"Abby Gilbert", "gender":"female", "company":"SIGNITY", "email":"abbygilbert@signity.com", "phone":"+1 (814) 535-3085", "address":"294 Junius Street, Dupuyer, Connecticut, 9845", "about":"Culpa magna anim amet dolor fugiat. Dolore nisi elit et esse anim reprehenderit. Enim est culpa ea cupidatat adipisicing eu officia amet sint. Et nisi adipisicing culpa reprehenderit do qui. Reprehenderit minim eiusmod sunt velit ex nisi veniam elit.\r\n", "features":["Comtract"], "industry":"Xixan", "postalCode":91649, "registered":"2014-02-12T03:11:47 +08:00"}, "geometry":{"type":"Point", "coordinates":[60.9467, 54.2138]}}