{"type":"Feature", "properties":{"_id":"5792454f12774d6ea6220f6f", "age":38, "eyeColor":"brown", "name":"Harriett Norman", "gender":"female", "company":"PORTALIS", "email":"harriettnorman@portalis.com", "phone":"+1 (832) 548-3268", "address":"650 Amber Street, Sisquoc, Idaho, 7795", "about":"Nisi deserunt aute dolor cupidatat nisi. Fugiat cupidatat cillum ullamco reprehenderit sit exercitation adipisicing dolor enim elit irure nostrud Lorem. Esse quis ullamco non quis dolore elit eiusmod aliquip ad proident officia.\r\n", "features":["Xiix"], "industry":"Vantage", "postalCode":99541, "registered":"2014-06-06T08:18:13 +07:00"}, "geometry":{"type":"Point", "coordinates":[170.1892, -89.8544]}}