{"type":"Feature", "properties":{"_id":"5792454e452216b89ea92c82", "age":27, "eyeColor":"blue", "name":"Church Mckenzie", "gender":"male", "company":"MAGNEATO", "email":"churchmckenzie@magneato.com", "phone":"+1 (879) 474-3121", "address":"564 Vandam Street, Vowinckel, Indiana, 6284", "about":"Excepteur cupidatat consequat consectetur minim. Aliquip culpa minim do est. Esse enim irure sit sunt est sit amet sit eu qui magna laboris.\r\n", "features":["Zaj", "Straloy", "Rugstars", "Geekular"], "industry":"Cosmetex", "postalCode":87641, "registered":"2015-09-25T10:39:54 +07:00"}, "geometry":{"type":"Point", "coordinates":[-175.0985, 1.0738]}}