{"type":"Feature", "properties":{"_id":"5792454e12cfbbe402e7ebb8", "age":38, "eyeColor":"green", "name":"Francesca Sanchez", "gender":"female", "company":"ENAUT", "email":"francescasanchez@enaut.com", "phone":"+1 (958) 416-3981", "address":"585 Emerson Place, Trexlertown, Puerto Rico, 2152", "about":"Tempor elit ullamco qui incididunt in nisi eiusmod laboris magna enim. Anim pariatur tempor reprehenderit elit mollit ipsum fugiat ad anim veniam nulla. Cillum incididunt et dolore fugiat eu enim nostrud elit.\r\n", "features":["Daido"], "industry":"Insuron", "postalCode":96359, "registered":"2015-10-27T02:10:38 +07:00"}, "geometry":{"type":"Point", "coordinates":[70.8178, 21.8747]}}