{"type":"Feature", "properties":{"_id":"5792454fa7f9cd21390d299f", "age":27, "eyeColor":"blue", "name":"Glenda Sampson", "gender":"female", "company":"ZOLAR", "email":"glendasampson@zolar.com", "phone":"+1 (823) 408-3686", "address":"844 High Street, Knowlton, American Samoa, 7332", "about":"Aliquip enim consequat deserunt sunt officia irure ipsum do commodo. Excepteur nulla fugiat pariatur Lorem excepteur et culpa velit ullamco ipsum. Deserunt veniam ut aliqua ut ipsum non nulla adipisicing fugiat ut aliqua et ad in.\r\n", "features":["Prosely", "Supremia"], "industry":"Parleynet", "postalCode":91859, "registered":"2014-07-31T02:56:53 +07:00"}, "geometry":{"type":"Point", "coordinates":[-65.0193, -1.1923]}}