{"type":"Feature", "properties":{"_id":"5792454ff951d5c768da0f9f", "age":33, "eyeColor":"brown", "name":"Jeannie Huff", "gender":"female", "company":"GLUKGLUK", "email":"jeanniehuff@glukgluk.com", "phone":"+1 (924) 559-2255", "address":"892 Haring Street, Darrtown, Alaska, 5860", "about":"Ullamco non aliquip voluptate officia pariatur dolore officia culpa est cupidatat. Elit ut nulla pariatur officia cillum commodo irure. Voluptate fugiat ut culpa aliquip aliqua veniam aliquip incididunt. Velit proident quis commodo exercitation aliqua ea laboris nulla pariatur pariatur. Minim nulla do esse labore consequat id Lorem aliquip incididunt incididunt quis. Reprehenderit do ipsum anim do cupidatat amet proident ea ea laboris exercitation nisi do irure. Aute ullamco enim consectetur ea id sunt adipisicing.\r\n", "features":["Panzent", "Nutralab"], "industry":"Tellifly", "postalCode":92745, "registered":"2016-05-15T11:30:39 +07:00"}, "geometry":{"type":"Point", "coordinates":[-21.8306, -72.0023]}}