{"type":"Feature", "properties":{"_id":"5792454fa1b875dacc74640e", "age":38, "eyeColor":"blue", "name":"Esperanza Bates", "gender":"female", "company":"EQUITAX", "email":"esperanzabates@equitax.com", "phone":"+1 (964) 490-3920", "address":"943 Russell Street, Grandview, Louisiana, 2143", "about":"Exercitation tempor qui tempor cillum. Tempor nulla deserunt fugiat dolore eiusmod adipisicing dolor enim enim ad. In sint velit sit nisi velit culpa nostrud.\r\n", "features":["Strezzo", "Eyeris"], "industry":"Phormula", "postalCode":92453, "registered":"2016-01-17T02:56:04 +08:00"}, "geometry":{"type":"Point", "coordinates":[133.1824, -24.5287]}}