{"type":"Feature", "properties":{"_id":"5792454f9ccb2cb8ae625c99", "age":23, "eyeColor":"green", "name":"Juliana Wheeler", "gender":"female", "company":"EARTHPURE", "email":"julianawheeler@earthpure.com", "phone":"+1 (834) 468-3389", "address":"862 Butler Place, Singer, Marshall Islands, 3780", "about":"Adipisicing consequat ea non veniam aliquip Lorem sint velit irure. Aliquip esse anim laborum dolore et voluptate velit velit fugiat ad deserunt deserunt. Incididunt veniam officia cupidatat ipsum. Eiusmod laborum minim ullamco anim irure consectetur do quis qui cillum fugiat. Est aute nulla adipisicing labore. Consequat pariatur labore commodo id cupidatat non exercitation eiusmod in.\r\n", "features":["Waab"], "industry":"Isoternia", "postalCode":97056, "registered":"2014-06-26T10:55:49 +07:00"}, "geometry":{"type":"Point", "coordinates":[67.1409, 52.38]}}