{"type":"Feature", "properties":{"_id":"5792454f64e28218f3dadb0e", "age":36, "eyeColor":"blue", "name":"Silvia Hammond", "gender":"female", "company":"CIRCUM", "email":"silviahammond@circum.com", "phone":"+1 (940) 449-2238", "address":"156 Myrtle Avenue, Rowe, California, 6017", "about":"Amet est laborum voluptate elit irure tempor culpa reprehenderit. Commodo minim deserunt ex velit mollit. Veniam deserunt esse consectetur sunt elit ut irure consectetur est quis. Labore magna duis qui Lorem fugiat elit in sunt laborum. Ullamco quis ut aute nostrud aute aliquip ut aute. Est quis ut laboris minim.\r\n", "features":["Deminimum", "Dogtown", "Gracker"], "industry":"Memora", "postalCode":80959, "registered":"2016-06-06T05:50:39 +07:00"}, "geometry":{"type":"Point", "coordinates":[149.0004, 45.0781]}}