{"type":"Feature", "properties":{"_id":"5792454f39e687d42da53aa6", "age":28, "eyeColor":"green", "name":"Nanette Skinner", "gender":"female", "company":"SYBIXTEX", "email":"nanetteskinner@sybixtex.com", "phone":"+1 (824) 461-3232", "address":"319 Oceanic Avenue, Sussex, Massachusetts, 2058", "about":"Ex ullamco consequat dolor commodo ipsum reprehenderit non do voluptate anim pariatur elit excepteur do. Culpa ex nisi nostrud dolor aute commodo sit. Do excepteur eu quis dolore sit eu minim ullamco.\r\n", "features":["Ontagene", "Ovium", "Toyletry", "Paragonia"], "industry":"Singavera", "postalCode":95750, "registered":"2015-08-20T06:38:02 +07:00"}, "geometry":{"type":"Point", "coordinates":[-124.4464, -3.2553]}}