{"type":"Feature", "properties":{"_id":"5792454f3d709ea85d138822", "age":24, "eyeColor":"blue", "name":"Ebony Barnett", "gender":"female", "company":"DENTREX", "email":"ebonybarnett@dentrex.com", "phone":"+1 (953) 498-3780", "address":"969 Argyle Road, Lupton, Mississippi, 4673", "about":"Eu nisi cillum enim eiusmod occaecat ipsum commodo nulla. Aliqua sint amet commodo adipisicing. Tempor id culpa anim laborum deserunt nostrud ex Lorem dolor. Incididunt cupidatat anim labore in eu ex eiusmod. Nostrud commodo irure amet dolore elit adipisicing nulla elit duis est consectetur exercitation nostrud.\r\n", "features":["Balooba"], "industry":"Rodeocean", "postalCode":82447, "registered":"2014-10-23T10:29:04 +07:00"}, "geometry":{"type":"Point", "coordinates":[1.1968, 4.188]}}