{"type":"Feature", "properties":{"_id":"5792454fc4d99956a71d7360", "age":36, "eyeColor":"green", "name":"Benton Frazier", "gender":"male", "company":"QUARMONY", "email":"bentonfrazier@quarmony.com", "phone":"+1 (954) 588-2605", "address":"809 Bennet Court, Beechmont, Texas, 6663", "about":"Velit deserunt amet in aliquip consequat ullamco excepteur aliquip deserunt in. Quis aliquip nulla irure sint in culpa cupidatat et ad exercitation sit amet velit. Culpa pariatur deserunt nulla nisi. Eiusmod irure eu veniam deserunt mollit ut aute dolor consequat. Proident ut culpa do ullamco in magna. Pariatur pariatur duis culpa veniam labore dolore labore commodo elit pariatur enim ut velit dolor. Eu proident velit anim reprehenderit ut ipsum enim voluptate nulla tempor exercitation laborum.\r\n", "features":[], "industry":"Centrexin", "postalCode":90356, "registered":"2015-08-02T09:30:45 +07:00"}, "geometry":{"type":"Point", "coordinates":[159.4956, 85.6258]}}