{"type":"Feature", "properties":{"_id":"5792454fa2b69fe07a6a9f98", "age":39, "eyeColor":"brown", "name":"Hooper Dalton", "gender":"male", "company":"POLARAX", "email":"hooperdalton@polarax.com", "phone":"+1 (969) 529-2469", "address":"250 Madison Place, Canoochee, Nevada, 3713", "about":"Eiusmod esse est cupidatat cupidatat aliquip incididunt occaecat. Incididunt officia ullamco deserunt cupidatat aliquip deserunt magna proident irure ex. Non dolore aliquip et mollit ut incididunt reprehenderit proident.\r\n", "features":["Vicon"], "industry":"Atomica", "postalCode":96147, "registered":"2016-01-17T06:08:55 +08:00"}, "geometry":{"type":"Point", "coordinates":[-41.1954, -10.1001]}}