{"type":"Feature", "properties":{"_id":"5792454f413748e68c6f255c", "age":38, "eyeColor":"brown", "name":"Queen Wade", "gender":"female", "company":"TURNLING", "email":"queenwade@turnling.com", "phone":"+1 (913) 595-3287", "address":"109 Revere Place, Rosewood, West Virginia, 5876", "about":"Sunt ipsum nisi ex consequat tempor excepteur excepteur dolor ut sint id occaecat. Mollit elit enim in adipisicing aliqua pariatur commodo incididunt dolore in adipisicing sunt do amet. Incididunt irure irure ad aute ullamco magna in incididunt officia minim cupidatat. Eiusmod do nisi Lorem exercitation qui occaecat voluptate voluptate proident sunt officia proident. Magna aliquip veniam occaecat eiusmod sit veniam ullamco sint ipsum nisi reprehenderit laborum. Laborum irure nulla nisi cillum ipsum sint magna minim labore.\r\n", "features":["Pyrami", "Medmex", "Micronaut"], "industry":"Opticon", "postalCode":94751, "registered":"2015-04-29T01:21:20 +07:00"}, "geometry":{"type":"Point", "coordinates":[-62.6346, 22.9809]}}