{"type":"Feature", "properties":{"_id":"5792454f22366cf711b71d8e", "age":30, "eyeColor":"blue", "name":"Wilkerson Noel", "gender":"male", "company":"BUZZWORKS", "email":"wilkersonnoel@buzzworks.com", "phone":"+1 (901) 489-3245", "address":"921 Glendale Court, Camptown, Pennsylvania, 450", "about":"Tempor nisi excepteur excepteur laborum fugiat nisi tempor commodo excepteur nisi. Aute laboris ut qui excepteur anim qui aute cillum ut irure ullamco laborum. In adipisicing enim est laborum aliqua aliqua aliqua anim non qui sint. Aute deserunt anim dolore ullamco incididunt dolore nulla commodo laborum magna. Consequat reprehenderit do eiusmod quis culpa laborum est voluptate deserunt qui ipsum incididunt mollit veniam. Magna do irure duis nulla et duis ipsum anim sunt qui aliquip officia. Culpa veniam incididunt officia voluptate minim incididunt ex.\r\n", "features":["Multron"], "industry":"Zytrax", "postalCode":85241, "registered":"2016-03-22T10:08:51 +07:00"}, "geometry":{"type":"Point", "coordinates":[-165.5781, 87.6191]}}