{"type":"Feature", "properties":{"_id":"5792454fa1de58c1b5373ffb", "age":20, "eyeColor":"blue", "name":"May Vaughan", "gender":"female", "company":"VORTEXACO", "email":"mayvaughan@vortexaco.com", "phone":"+1 (863) 462-3611", "address":"463 Schenck Street, Westwood, Ohio, 7431", "about":"Ad enim qui consequat velit esse culpa. Laboris elit laborum qui sint esse sunt commodo nostrud proident. Deserunt adipisicing tempor veniam laboris sint eu aute commodo. Elit labore dolore laborum nostrud sunt officia nisi aliquip nostrud commodo exercitation nostrud eiusmod. Officia id sit amet eu ea nisi proident anim non eu laboris occaecat exercitation non. Non ipsum exercitation sunt eiusmod quis in minim. Nostrud fugiat adipisicing duis aute id irure officia.\r\n", "features":["Qualitex", "Viasia", "Comvex", "Uplinx"], "industry":"Acusage", "postalCode":84941, "registered":"2016-06-04T11:29:00 +07:00"}, "geometry":{"type":"Point", "coordinates":[-3.0075, -87.1432]}}