{"type":"Feature", "properties":{"_id":"5792454f8b29b7984a7c99dd", "age":36, "eyeColor":"green", "name":"Farley Franco", "gender":"male", "company":"GOLISTIC", "email":"farleyfranco@golistic.com", "phone":"+1 (955) 510-3024", "address":"807 Williams Court, Belva, Michigan, 2976", "about":"Reprehenderit consequat aute consequat velit irure eiusmod elit. Lorem ex laboris dolor amet est est do est cupidatat consequat laboris consequat anim. Enim eu dolore minim reprehenderit id ullamco tempor elit. Nostrud ex consectetur irure laboris dolor nisi sunt excepteur enim enim irure laboris anim. Consectetur aute ipsum id cillum est eu cillum laboris velit. Non est cillum nulla in id ut. Anim nostrud laborum deserunt consequat.\r\n", "features":["Repetwire", "Zappix"], "industry":"Limage", "postalCode":84452, "registered":"2015-06-25T04:48:12 +07:00"}, "geometry":{"type":"Point", "coordinates":[30.7527, -31.8128]}}