{"type":"Feature", "properties":{"_id":"5792454fdd3f999ae086df26", "age":25, "eyeColor":"brown", "name":"Jacquelyn Fields", "gender":"female", "company":"COMBOT", "email":"jacquelynfields@combot.com", "phone":"+1 (836) 417-2916", "address":"357 Veronica Place, Beason, Delaware, 6505", "about":"Mollit ex eiusmod consectetur laboris. Tempor duis nulla veniam qui amet excepteur reprehenderit velit. Aliqua nulla cillum in labore aliquip exercitation dolore id qui.\r\n", "features":["Twiist", "Scenty", "Pharmex"], "industry":"Extragen", "postalCode":89551, "registered":"2016-07-19T04:22:58 +07:00"}, "geometry":{"type":"Point", "coordinates":[-106.0936, -38.4862]}}