{"type":"Feature", "properties":{"_id":"5792454f7fc79a547e8cd321", "age":20, "eyeColor":"brown", "name":"Bridges Morgan", "gender":"male", "company":"PHUEL", "email":"bridgesmorgan@phuel.com", "phone":"+1 (955) 521-2387", "address":"323 Vermont Court, Reinerton, New Mexico, 3385", "about":"Ut ipsum commodo est aliqua. Amet incididunt nulla nulla pariatur laborum reprehenderit laboris qui. Anim dolor occaecat consectetur nisi nulla ex ut et in et aliqua aute consectetur id. Ea irure anim mollit tempor. Minim consectetur nisi eu eu.\r\n", "features":[], "industry":"Infotrips", "postalCode":81456, "registered":"2015-06-08T06:36:35 +07:00"}, "geometry":{"type":"Point", "coordinates":[-170.0949, 28.2462]}}