{"type":"Feature", "properties":{"_id":"5792454f00def48569cfd38f", "age":36, "eyeColor":"brown", "name":"Debbie Ortiz", "gender":"female", "company":"UTARA", "email":"debbieortiz@utara.com", "phone":"+1 (804) 420-3022", "address":"922 Ryerson Street, Klondike, Massachusetts, 7908", "about":"Non id mollit adipisicing velit occaecat amet cupidatat dolore dolore et incididunt. Commodo dolor magna officia et dolore ea esse nisi laborum nulla ullamco fugiat. Laboris do consectetur laborum duis ut cillum deserunt ipsum mollit dolore mollit fugiat. Aute sunt commodo minim qui mollit dolore adipisicing Lorem ad officia.\r\n", "features":["Recritube", "Exosis", "Skyplex"], "industry":"Comtrak", "postalCode":88748, "registered":"2014-10-20T07:50:06 +07:00"}, "geometry":{"type":"Point", "coordinates":[-129.2056, 33.2918]}}