{"type":"Feature", "properties":{"_id":"5792454f8a3a5a65869b4a2c", "age":27, "eyeColor":"blue", "name":"Cervantes Klein", "gender":"male", "company":"APEX", "email":"cervantesklein@apex.com", "phone":"+1 (861) 513-2407", "address":"543 Garden Place, Alafaya, Louisiana, 601", "about":"Id in ad non pariatur sint est nisi dolore elit Lorem aute esse. Anim cupidatat mollit ea qui Lorem esse dolor culpa consectetur irure labore. Mollit duis ad tempor cupidatat magna occaecat anim dolore minim. Culpa ullamco dolore aute adipisicing officia in cupidatat laboris non laboris adipisicing elit.\r\n", "features":["Quinex", "Exoblue"], "industry":"Netropic", "postalCode":90549, "registered":"2014-11-04T10:16:19 +08:00"}, "geometry":{"type":"Point", "coordinates":[-45.7734, -13.8105]}}