{"type":"Feature", "properties":{"_id":"5792454fc9c5b70d6ea5cb5b", "age":35, "eyeColor":"green", "name":"Pruitt Mathews", "gender":"male", "company":"DOGTOWN", "email":"pruittmathews@dogtown.com", "phone":"+1 (974) 421-3813", "address":"907 Covert Street, Gibsonia, Kansas, 3140", "about":"Mollit ullamco laborum aliquip sunt id qui sit. Non deserunt irure magna Lorem in irure minim consequat magna occaecat esse. Velit ut ad eiusmod velit laborum nostrud.\r\n", "features":["Gracker", "Memora"], "industry":"Zorromop", "postalCode":90840, "registered":"2015-05-11T10:44:09 +07:00"}, "geometry":{"type":"Point", "coordinates":[-168.4115, 64.3962]}}