{"type":"Feature", "properties":{"_id":"5792454fe87565801909ae98", "age":29, "eyeColor":"green", "name":"Arnold Lindsey", "gender":"male", "company":"FLEXIGEN", "email":"arnoldlindsey@flexigen.com", "phone":"+1 (802) 549-2180", "address":"827 Downing Street, Delco, Federated States Of Micronesia, 7034", "about":"Enim cupidatat occaecat ad cupidatat velit laboris reprehenderit aliquip aliqua culpa labore in duis. Aute et enim dolore ea magna aliquip. Voluptate commodo velit duis fugiat consequat. Elit sunt esse proident ut ipsum laborum. Nisi tempor sint sint culpa minim. Consectetur ex voluptate fugiat et incididunt dolor aliquip exercitation quis. Minim est consequat laboris quis mollit nulla occaecat officia pariatur proident sit.\r\n", "features":["Zaya", "Applica"], "industry":"Viagrand", "postalCode":82852, "registered":"2014-08-03T05:55:57 +07:00"}, "geometry":{"type":"Point", "coordinates":[-97.6225, -24.5414]}}