{"type":"Feature", "properties":{"_id":"5792454f286d3b0f466539f9", "age":23, "eyeColor":"brown", "name":"Antonia Wright", "gender":"female", "company":"VOLAX", "email":"antoniawright@volax.com", "phone":"+1 (980) 516-3742", "address":"718 Linwood Street, Elwood, Idaho, 5843", "about":"Labore aliquip incididunt dolor adipisicing anim velit elit eiusmod ullamco ex. Excepteur laboris eu sit consequat mollit occaecat eu cupidatat ea. Enim nulla tempor reprehenderit labore sint eu. Nisi tempor eu aliqua tempor quis labore dolore eiusmod sit cupidatat dolore nisi eu. Occaecat exercitation minim voluptate id.\r\n", "features":[], "industry":"Jimbies", "postalCode":97451, "registered":"2016-03-14T05:21:03 +07:00"}, "geometry":{"type":"Point", "coordinates":[92.4991, -46.9667]}}