{"type":"Feature", "properties":{"_id":"5792454f9d79e32da52d133c", "age":23, "eyeColor":"brown", "name":"Ashlee Franks", "gender":"female", "company":"VENOFLEX", "email":"ashleefranks@venoflex.com", "phone":"+1 (833) 494-3714", "address":"279 Landis Court, Templeton, South Carolina, 5084", "about":"Nulla aliquip elit nostrud incididunt. Esse et ut cupidatat consectetur voluptate id cupidatat ex nisi cupidatat anim nostrud pariatur. Dolor eiusmod est id Lorem esse adipisicing velit cillum aliqua minim tempor laborum duis fugiat. Nulla mollit cillum velit commodo aute tempor ex adipisicing aute sint cillum nulla fugiat.\r\n", "features":["Digitalus", "Corporana"], "industry":"Pearlessa", "postalCode":93048, "registered":"2014-09-27T04:02:16 +07:00"}, "geometry":{"type":"Point", "coordinates":[-19.9249, 4.211]}}