{"type":"Feature", "properties":{"_id":"5792454f9a1cfb97deccbad7", "age":30, "eyeColor":"brown", "name":"Norton Bell", "gender":"male", "company":"ENDIPIN", "email":"nortonbell@endipin.com", "phone":"+1 (874) 561-2448", "address":"591 Varick Avenue, Rodanthe, Hawaii, 1203", "about":"Fugiat tempor et ex aliqua mollit nostrud cillum tempor excepteur ad tempor tempor non. Voluptate sunt occaecat duis sit aliqua ea. Exercitation dolore et aliquip reprehenderit laboris irure.\r\n", "features":["Melbacor", "Diginetic", "Anivet", "Quintity"], "industry":"Paprikut", "postalCode":91854, "registered":"2014-09-11T09:39:42 +07:00"}, "geometry":{"type":"Point", "coordinates":[-24.0576, -52.9002]}}