{"type":"Feature", "properties":{"_id":"5792454fb7bbdf41f1975ba5", "age":26, "eyeColor":"green", "name":"Boyle Rivas", "gender":"male", "company":"ENORMO", "email":"boylerivas@enormo.com", "phone":"+1 (924) 460-3794", "address":"918 Conover Street, Hiseville, Marshall Islands, 1762", "about":"Et elit aliquip qui enim laborum eiusmod nostrud adipisicing excepteur commodo velit. Nisi fugiat deserunt ea commodo incididunt proident exercitation pariatur proident commodo. Fugiat Lorem sint deserunt ipsum proident id reprehenderit nostrud adipisicing. Culpa occaecat excepteur laboris duis sit ea ut occaecat. In et deserunt Lorem fugiat adipisicing fugiat ad dolor.\r\n", "features":["Exoteric", "Ziore", "Cablam"], "industry":"Hopeli", "postalCode":93145, "registered":"2016-04-03T09:32:18 +07:00"}, "geometry":{"type":"Point", "coordinates":[163.7711, -40.9623]}}