{"type":"Feature", "properties":{"_id":"5792454fd6ef51b06bc95a9b", "age":21, "eyeColor":"green", "name":"Bolton Rush", "gender":"male", "company":"UBERLUX", "email":"boltonrush@uberlux.com", "phone":"+1 (885) 580-3713", "address":"167 Little Street, Driftwood, Wisconsin, 4607", "about":"Esse proident voluptate officia officia labore. Proident laborum sit irure elit et voluptate eiusmod. Id veniam sint consequat proident exercitation eu in adipisicing enim laboris ad. Labore tempor magna nostrud deserunt quis culpa occaecat veniam esse proident velit occaecat eu. Sint nulla et est esse proident ad.\r\n", "features":["Netbook", "Lyria"], "industry":"Xth", "postalCode":95449, "registered":"2014-10-01T10:44:34 +07:00"}, "geometry":{"type":"Point", "coordinates":[-42.2253, -6.7805]}}