{"type":"Feature", "properties":{"_id":"5792454fb4165d55037b57c1", "age":21, "eyeColor":"brown", "name":"Miles Snow", "gender":"male", "company":"FANGOLD", "email":"milessnow@fangold.com", "phone":"+1 (835) 472-2087", "address":"311 Billings Place, Hamilton, Northern Mariana Islands, 9045", "about":"Laboris amet reprehenderit nostrud dolore ut amet laborum consequat Lorem. Veniam proident exercitation ipsum minim mollit aute anim tempor consequat ullamco laboris Lorem. Adipisicing aute magna et sint nisi dolore commodo nisi adipisicing in in tempor anim voluptate. Nostrud laborum minim ipsum eu non dolor. Dolore reprehenderit ea excepteur pariatur fugiat. Esse in velit exercitation officia laborum quis aute ut minim. Excepteur exercitation ullamco aliqua ipsum tempor elit incididunt ullamco exercitation aliquip ea.\r\n", "features":["Silodyne", "Firewax", "Geekola", "Bostonic"], "industry":"Rameon", "postalCode":91248, "registered":"2014-06-20T07:39:34 +07:00"}, "geometry":{"type":"Point", "coordinates":[-98.594, -18.1558]}}