{"type":"Feature", "properties":{"_id":"5792454f69ae2e166db1c8b4", "age":40, "eyeColor":"brown", "name":"Valeria Calderon", "gender":"female", "company":"CALCULA", "email":"valeriacalderon@calcula.com", "phone":"+1 (956) 448-2924", "address":"990 Fleet Place, Succasunna, Guam, 7646", "about":"Irure dolor elit incididunt reprehenderit qui exercitation. Ex aliqua incididunt nulla consequat culpa eiusmod sit ad laboris eu cupidatat duis consequat sunt. Incididunt esse non Lorem officia proident commodo sit sit ex cupidatat veniam excepteur. Pariatur cillum dolor pariatur nisi nisi do. Reprehenderit cillum excepteur nulla est reprehenderit amet. Qui culpa sit mollit eu magna quis do excepteur laborum excepteur fugiat consectetur eiusmod do.\r\n", "features":[], "industry":"Shepard", "postalCode":87944, "registered":"2014-01-27T09:49:44 +08:00"}, "geometry":{"type":"Point", "coordinates":[12.0969, 63.7329]}}