{"type":"Feature", "properties":{"_id":"5792454f5bb8d5100621c78e", "age":33, "eyeColor":"blue", "name":"Lyons Whitney", "gender":"male", "company":"ECOLIGHT", "email":"lyonswhitney@ecolight.com", "phone":"+1 (965) 519-3383", "address":"106 Erskine Loop, Centerville, Maryland, 8864", "about":"Aute quis ad ad irure qui veniam amet minim Lorem consectetur excepteur laboris ut. Sunt aliqua duis dolor dolor aute cupidatat culpa consectetur quis anim occaecat quis pariatur. Do sint deserunt voluptate labore reprehenderit aliqua aliqua veniam do pariatur magna officia labore. Cupidatat deserunt in adipisicing dolore qui proident minim nostrud officia mollit. Ex exercitation eiusmod ullamco id.\r\n", "features":["Zentury", "Dognosis"], "industry":"Cytrak", "postalCode":85057, "registered":"2015-01-06T11:01:20 +08:00"}, "geometry":{"type":"Point", "coordinates":[-21.1117, -55.325]}}