{"type":"Feature", "properties":{"_id":"5792454eab99c06450cc36b1", "age":25, "eyeColor":"green", "name":"Peck Maldonado", "gender":"male", "company":"XUMONK", "email":"peckmaldonado@xumonk.com", "phone":"+1 (874) 422-2920", "address":"561 Bokee Court, Advance, South Carolina, 6109", "about":"Exercitation aliquip ullamco do deserunt. Officia id officia occaecat qui. Pariatur ex mollit exercitation aute.\r\n", "features":[], "industry":"Comstar", "postalCode":94547, "registered":"2015-05-11T02:19:29 +07:00"}, "geometry":{"type":"Point", "coordinates":[38.6926, 3.3837]}}