{"type":"Feature", "properties":{"_id":"5792454f9cb9b815a9a1f1a6", "age":37, "eyeColor":"brown", "name":"Pearl Ellison", "gender":"female", "company":"ORBIN", "email":"pearlellison@orbin.com", "phone":"+1 (908) 531-2193", "address":"407 Baltic Street, Hiwasse, Georgia, 997", "about":"Ipsum sit ea non eiusmod dolor eiusmod proident veniam aliqua fugiat. Magna cillum veniam aliquip elit ad quis quis consectetur Lorem fugiat anim in magna. Officia ea dolore est mollit irure mollit. Esse duis officia labore aute quis quis et commodo elit aliquip duis qui. Non mollit eu in nulla officia pariatur.\r\n", "features":["Gluid"], "industry":"Terascape", "postalCode":99743, "registered":"2015-07-04T05:47:40 +07:00"}, "geometry":{"type":"Point", "coordinates":[145.0147, -81.5737]}}