{"type":"Feature", "properties":{"_id":"5792454f6d45690916f463ef", "age":39, "eyeColor":"blue", "name":"Gale Parker", "gender":"female", "company":"DIGIRANG", "email":"galeparker@digirang.com", "phone":"+1 (849) 485-3541", "address":"401 Willoughby Avenue, Waiohinu, Minnesota, 3682", "about":"Sint exercitation est cillum elit amet velit tempor ad esse in. Magna minim et qui veniam quis irure excepteur ullamco aute enim id voluptate sunt. Anim et Lorem in adipisicing ad aute do ut proident et. Tempor reprehenderit ea anim eu exercitation proident mollit dolore non laborum. Cillum ex ad occaecat non pariatur duis ea ex ex adipisicing fugiat. Anim velit ut voluptate sunt cillum sit consequat et Lorem nostrud amet.\r\n", "features":["Ovolo"], "industry":"Comstruct", "postalCode":92255, "registered":"2014-09-15T07:23:43 +07:00"}, "geometry":{"type":"Point", "coordinates":[-157.9627, 7.5333]}}