{"type":"Feature", "properties":{"_id":"5792454ff391b128b3baaf35", "age":22, "eyeColor":"blue", "name":"Mccormick Ratliff", "gender":"male", "company":"IDEGO", "email":"mccormickratliff@idego.com", "phone":"+1 (875) 516-3947", "address":"695 Batchelder Street, Maxville, Tennessee, 2469", "about":"Ullamco nostrud Lorem exercitation laborum nisi ipsum. Minim minim duis eiusmod exercitation. Labore Lorem enim id excepteur velit.\r\n", "features":["Makingway", "Geeketron"], "industry":"Uxmox", "postalCode":96051, "registered":"2015-09-22T09:17:37 +07:00"}, "geometry":{"type":"Point", "coordinates":[-25.3269, 41.3235]}}