{"type":"Feature", "properties":{"_id":"5792454fced301aad0f107ed", "age":28, "eyeColor":"blue", "name":"Betsy Vasquez", "gender":"female", "company":"SYBIXTEX", "email":"betsyvasquez@sybixtex.com", "phone":"+1 (907) 413-2043", "address":"618 Lewis Avenue, Cazadero, Utah, 6559", "about":"Reprehenderit do eiusmod sunt in velit et consequat excepteur ex ullamco eu nulla commodo voluptate. Aute elit dolor anim eiusmod cupidatat consequat enim ut enim. Proident Lorem sint dolore culpa laborum culpa pariatur voluptate et ad. Pariatur non in occaecat deserunt eu cupidatat.\r\n", "features":["Ontagene", "Ovium"], "industry":"Toyletry", "postalCode":87745, "registered":"2015-07-03T05:18:32 +07:00"}, "geometry":{"type":"Point", "coordinates":[56.4327, 51.8866]}}