{"type":"Feature", "properties":{"_id":"5792454f069f65150f8b41d6", "age":27, "eyeColor":"green", "name":"Hopkins Harding", "gender":"male", "company":"FLUMBO", "email":"hopkinsharding@flumbo.com", "phone":"+1 (881) 502-3236", "address":"667 Gaylord Drive, Venice, Kentucky, 9234", "about":"Est incididunt consectetur magna consectetur amet do in do exercitation cillum. Non id consectetur incididunt eu incididunt. Qui laboris cupidatat qui incididunt incididunt reprehenderit eiusmod magna. Eiusmod Lorem aliquip culpa minim voluptate minim. Lorem nostrud do quis exercitation cillum aliquip elit.\r\n", "features":["Illumity", "Talendula", "Zerbina"], "industry":"Telequiet", "postalCode":94853, "registered":"2014-12-08T06:16:51 +08:00"}, "geometry":{"type":"Point", "coordinates":[-155.6111, -30.2845]}}