{"type":"Feature", "properties":{"_id":"5792454f6ee5cca81e56f54e", "age":37, "eyeColor":"green", "name":"King Byers", "gender":"male", "company":"MARQET", "email":"kingbyers@marqet.com", "phone":"+1 (834) 570-3617", "address":"209 Green Street, Chesapeake, Virgin Islands, 7423", "about":"Dolor aute magna officia nisi laborum nostrud quis mollit laboris sunt amet Lorem sunt. Culpa nostrud consequat esse exercitation eiusmod proident laboris esse tempor. Id deserunt cillum deserunt minim qui ut eiusmod dolor cillum fugiat quis reprehenderit. Velit velit consectetur amet esse Lorem pariatur aute. Dolore incididunt est eiusmod non incididunt aute labore non eiusmod commodo nisi dolor pariatur. Velit reprehenderit duis amet esse cupidatat sint ullamco anim reprehenderit Lorem amet. Excepteur mollit ullamco sit anim culpa quis reprehenderit nostrud.\r\n", "features":["Frolix"], "industry":"Zomboid", "postalCode":88357, "registered":"2014-06-29T11:10:05 +07:00"}, "geometry":{"type":"Point", "coordinates":[85.5032, 54.2952]}}