{"type":"Feature", "properties":{"_id":"5792454f16612eb1ddb16bc7", "age":33, "eyeColor":"brown", "name":"Carol Stokes", "gender":"female", "company":"QUILCH", "email":"carolstokes@quilch.com", "phone":"+1 (904) 531-2351", "address":"102 Tilden Avenue, Frystown, Oklahoma, 2373", "about":"Aliqua tempor culpa exercitation nostrud nisi sit in fugiat in. Velit non ipsum irure amet aliquip excepteur in cupidatat voluptate consectetur incididunt ullamco aliquip cupidatat. Commodo ea duis et duis nostrud irure ullamco sit Lorem sint mollit. Deserunt ex nisi adipisicing veniam ea labore labore aliquip anim. Nostrud deserunt sint consequat ipsum nisi est.\r\n", "features":["Comcubine", "Reversus", "Hivedom", "Callflex"], "industry":"Xyqag", "postalCode":90245, "registered":"2015-10-02T06:04:22 +07:00"}, "geometry":{"type":"Point", "coordinates":[-18.4526, -87.7085]}}