{"type":"Feature", "properties":{"_id":"5792454ff214cae61aa42ef1", "age":26, "eyeColor":"green", "name":"Colette Obrien", "gender":"female", "company":"THREDZ", "email":"coletteobrien@thredz.com", "phone":"+1 (981) 496-3671", "address":"711 Bainbridge Street, Veguita, Indiana, 9688", "about":"Incididunt nisi et nisi magna eu ut ex proident do est exercitation. Qui amet adipisicing ex sint ut sit proident qui nostrud. Nulla sint enim officia eu. Voluptate nulla velit Lorem eu consectetur ullamco eiusmod. Incididunt commodo occaecat voluptate voluptate proident officia incididunt et anim labore do qui duis reprehenderit. Ad qui eu ea do velit ad.\r\n", "features":["Cogentry", "Marvane", "Artworlds"], "industry":"Eplosion", "postalCode":95841, "registered":"2015-05-28T07:20:54 +07:00"}, "geometry":{"type":"Point", "coordinates":[97.8476, 61.4975]}}