{"type":"Feature", "properties":{"_id":"5792454fa2e6f339f06e88dd", "age":29, "eyeColor":"blue", "name":"Gamble Mays", "gender":"male", "company":"QUILK", "email":"gamblemays@quilk.com", "phone":"+1 (951) 498-3497", "address":"484 Dwight Street, Biehle, Massachusetts, 4944", "about":"Laborum nulla occaecat proident veniam dolore. Ad labore amet laborum esse Lorem incididunt laborum. Eiusmod incididunt nostrud amet pariatur ipsum minim ex proident consectetur in et. Fugiat minim nisi dolore ad occaecat id. Velit ex aliquip pariatur sunt amet enim laboris. Reprehenderit proident ad laborum enim excepteur nostrud fugiat duis eiusmod enim velit ad.\r\n", "features":[], "industry":"Earwax", "postalCode":95651, "registered":"2015-01-19T05:06:17 +08:00"}, "geometry":{"type":"Point", "coordinates":[-3.2733, 16.8119]}}