{"type":"Feature", "properties":{"_id":"5792454e2a3400807bd669d2", "age":30, "eyeColor":"blue", "name":"Bright Mccormick", "gender":"male", "company":"CORIANDER", "email":"brightmccormick@coriander.com", "phone":"+1 (877) 459-2807", "address":"973 Cypress Avenue, Gouglersville, Wisconsin, 8665", "about":"Cupidatat dolor eu magna minim mollit anim do proident aliqua quis nostrud. Sit eiusmod eu ut ullamco proident elit aute culpa qui cupidatat. Aliqua duis laborum laboris ea consectetur sunt sint amet minim occaecat fugiat in. Consequat qui ad aliqua reprehenderit quis. Laborum dolor enim elit magna labore cillum exercitation id. Duis in duis pariatur id exercitation elit id anim.\r\n", "features":["Powernet", "Unq", "Urbanshee", "Magnafone"], "industry":"Imageflow", "postalCode":96145, "registered":"2016-03-03T05:03:34 +08:00"}, "geometry":{"type":"Point", "coordinates":[59.3871, -57.1632]}}