{"type":"Feature", "properties":{"_id":"5792454e9a3e3a9e296c78e2", "age":33, "eyeColor":"green", "name":"Faulkner Craig", "gender":"male", "company":"ANIXANG", "email":"faulknercraig@anixang.com", "phone":"+1 (960) 521-3230", "address":"500 Nevins Street, Guilford, Northern Mariana Islands, 4837", "about":"Commodo dolor anim deserunt duis aliqua et laborum aute et ea cillum qui magna. Ullamco ut eu ut pariatur dolore ipsum labore. Fugiat est aliqua magna irure Lorem nisi nostrud voluptate proident et consequat non. Qui eu nulla id ullamco proident consectetur eu dolore fugiat aliquip. Labore ipsum enim do incididunt minim. Excepteur deserunt dolor sint duis ut qui quis aute anim officia adipisicing labore adipisicing cillum.\r\n", "features":["Zaggles", "Bisba"], "industry":"Geofarm", "postalCode":93754, "registered":"2014-05-02T05:52:23 +07:00"}, "geometry":{"type":"Point", "coordinates":[178.3462, 66.518]}}