{"type":"Feature", "properties":{"_id":"5792454f950e8d1e1c89529e", "age":39, "eyeColor":"green", "name":"Cecile Bentley", "gender":"female", "company":"JUMPSTACK", "email":"cecilebentley@jumpstack.com", "phone":"+1 (968) 477-3135", "address":"978 Mersereau Court, Bethany, Vermont, 583", "about":"Laboris aute irure aliquip anim eu magna ea. Lorem cillum eu non aliquip. Deserunt minim elit non nisi ipsum nisi ad aliquip ipsum. Laboris veniam cillum culpa aute eu qui amet nulla sunt minim id deserunt sunt. In nostrud tempor ipsum cupidatat laboris enim ex ad. Consectetur Lorem nostrud id minim dolor reprehenderit.\r\n", "features":["Housedown", "Proflex", "Exotechno"], "industry":"Rodeology", "postalCode":87447, "registered":"2014-07-30T07:46:02 +07:00"}, "geometry":{"type":"Point", "coordinates":[143.3543, 21.226]}}