{"type":"Feature", "properties":{"_id":"5792454fb20c91dd10875013", "age":38, "eyeColor":"green", "name":"Nieves Wall", "gender":"male", "company":"LIQUIDOC", "email":"nieveswall@liquidoc.com", "phone":"+1 (908) 436-2906", "address":"864 Etna Street, Catharine, New Jersey, 6209", "about":"Non esse sunt consectetur cillum duis. Laborum deserunt ullamco mollit amet dolore laboris. Et cillum occaecat ad aute laborum et ex anim nulla nostrud Lorem. Reprehenderit ullamco enim quis duis qui cillum enim veniam proident ullamco cillum excepteur cillum elit.\r\n", "features":["Retrack"], "industry":"Zanity", "postalCode":89351, "registered":"2016-04-26T04:39:19 +07:00"}, "geometry":{"type":"Point", "coordinates":[-128.3756, -46.53]}}