{"type":"Feature", "properties":{"_id":"5792454f14d0bd977c76ec4e", "age":21, "eyeColor":"brown", "name":"Estes Morse", "gender":"male", "company":"ROBOID", "email":"estesmorse@roboid.com", "phone":"+1 (886) 587-2222", "address":"104 Broadway , Allamuchy, Alabama, 3731", "about":"Occaecat ullamco nulla laboris anim. Officia magna exercitation exercitation esse ea. Irure culpa mollit proident dolore reprehenderit voluptate. Ex sint sunt laborum ea laboris velit. Esse velit dolore quis cupidatat laborum enim cillum ex ullamco ea. In labore laboris amet est ad duis veniam exercitation non aliqua voluptate duis cillum dolor. Proident aliqua amet nisi laborum dolore ad aliqua irure eu.\r\n", "features":["Zizzle", "Hydrocom", "Securia"], "industry":"Ecratic", "postalCode":89141, "registered":"2015-03-10T07:37:59 +07:00"}, "geometry":{"type":"Point", "coordinates":[149.7083, -30.2024]}}