{"type":"Feature", "properties":{"_id":"5792454f2759a559bf793cb9", "age":26, "eyeColor":"green", "name":"Katie Hicks", "gender":"female", "company":"GEEKUS", "email":"katiehicks@geekus.com", "phone":"+1 (819) 572-3188", "address":"180 Jackson Place, Sena, Rhode Island, 1140", "about":"Ullamco quis cillum quis nostrud exercitation ipsum quis qui. Adipisicing eu excepteur magna laboris quis adipisicing. Magna tempor non incididunt id officia officia laborum. Incididunt aute non velit aute dolore dolore nulla et qui veniam est cupidatat veniam laboris. Ex culpa laborum eiusmod anim adipisicing labore deserunt labore laborum consectetur nulla aliquip sunt laboris.\r\n", "features":["Colaire"], "industry":"Exposa", "postalCode":98547, "registered":"2014-12-04T11:47:37 +08:00"}, "geometry":{"type":"Point", "coordinates":[-66.2885, 70.5185]}}