{"type":"Feature", "properties":{"_id":"5792454ff98b03805d725b01", "age":20, "eyeColor":"brown", "name":"Jeanne Casey", "gender":"female", "company":"DRAGBOT", "email":"jeannecasey@dragbot.com", "phone":"+1 (887) 543-3845", "address":"850 Bedford Avenue, Columbus, Delaware, 4913", "about":"Magna consequat labore duis voluptate laboris deserunt aute est consequat irure officia. Fugiat eiusmod esse velit amet qui exercitation tempor ullamco ipsum cupidatat exercitation reprehenderit id. Excepteur Lorem aliquip occaecat cillum.\r\n", "features":["Insectus", "Koogle"], "industry":"Krag", "postalCode":90044, "registered":"2015-04-13T04:25:06 +07:00"}, "geometry":{"type":"Point", "coordinates":[154.6515, 44.9899]}}