{"type":"Feature", "properties":{"_id":"5792454fa53598021beb1147", "age":38, "eyeColor":"brown", "name":"Beverly Clarke", "gender":"female", "company":"CAXT", "email":"beverlyclarke@caxt.com", "phone":"+1 (979) 443-2959", "address":"760 Opal Court, Byrnedale, Oregon, 2098", "about":"Nulla sint et sint quis in velit est id. Consequat esse elit consequat anim. Laborum voluptate enim dolore sint elit.\r\n", "features":["Boilcat", "Rockabye", "Virva"], "industry":"Intradisk", "postalCode":86756, "registered":"2016-01-20T06:14:06 +08:00"}, "geometry":{"type":"Point", "coordinates":[-82.0992, -86.3049]}}