{"type":"Feature", "properties":{"_id":"5792454f220ff2a8a0775ce8", "age":34, "eyeColor":"brown", "name":"Vaughn Mayer", "gender":"male", "company":"BIOLIVE", "email":"vaughnmayer@biolive.com", "phone":"+1 (976) 516-2613", "address":"300 Fiske Place, Russellville, Pennsylvania, 5257", "about":"Consequat duis deserunt esse ea excepteur non cillum aute esse ad labore dolore reprehenderit laborum. Pariatur deserunt irure enim reprehenderit deserunt cillum enim nisi anim consequat ullamco. Nulla incididunt est dolor non enim enim non magna officia incididunt ipsum minim velit reprehenderit.\r\n", "features":["Verton", "Webiotic", "Veraq", "Gynko"], "industry":"Suremax", "postalCode":83258, "registered":"2015-08-17T10:47:12 +07:00"}, "geometry":{"type":"Point", "coordinates":[-144.7263, -38.7921]}}