{"type":"Feature", "properties":{"_id":"5792454ef51f62fcf78805b5", "age":39, "eyeColor":"green", "name":"Shelia Hobbs", "gender":"female", "company":"AUSTEX", "email":"sheliahobbs@austex.com", "phone":"+1 (862) 507-3451", "address":"194 Gallatin Place, Cochranville, Maine, 2464", "about":"Mollit pariatur velit commodo nisi quis dolore ex. Aliqua id veniam amet commodo irure dolore fugiat commodo ea adipisicing consectetur. Dolor veniam veniam veniam in enim veniam ipsum occaecat veniam. Voluptate eiusmod est velit duis elit ipsum cupidatat deserunt dolore. Est excepteur anim velit aliqua dolore elit esse quis mollit non. Veniam laboris anim anim consequat.\r\n", "features":["Premiant", "Portica", "Extragene", "Tersanki"], "industry":"Rocklogic", "postalCode":87743, "registered":"2014-12-04T07:15:31 +08:00"}, "geometry":{"type":"Point", "coordinates":[59.9569, -72.5321]}}