{"type":"Feature", "properties":{"_id":"5792454ff7fb3855c3e711cc", "age":38, "eyeColor":"green", "name":"Maude Vazquez", "gender":"female", "company":"INTERLOO", "email":"maudevazquez@interloo.com", "phone":"+1 (976) 402-3602", "address":"423 Ebony Court, Orason, Arkansas, 4215", "about":"Adipisicing tempor occaecat elit cupidatat consequat veniam. Adipisicing qui est exercitation ea eiusmod ut labore magna elit ea mollit ea in cupidatat. Duis cillum amet exercitation id tempor tempor deserunt enim dolor. Eu commodo eu exercitation esse aliquip cupidatat anim minim amet qui excepteur nulla eu dolore. Ea ut Lorem ullamco dolor ut cupidatat ut officia. Commodo laboris mollit aute occaecat nulla. Nulla do amet cillum veniam eu occaecat officia duis aliqua do commodo irure.\r\n", "features":["Bitendrex"], "industry":"Navir", "postalCode":87540, "registered":"2016-03-29T07:47:26 +07:00"}, "geometry":{"type":"Point", "coordinates":[-29.3476, -29.2291]}}