{"type":"Feature", "properties":{"_id":"5792454f6cb5125b08c7db9b", "age":38, "eyeColor":"green", "name":"Mcdonald Bishop", "gender":"male", "company":"XANIDE", "email":"mcdonaldbishop@xanide.com", "phone":"+1 (957) 549-2099", "address":"707 Gain Court, Aurora, Wyoming, 6886", "about":"Nisi labore labore laborum consequat eu duis deserunt in aute aliqua adipisicing deserunt enim. Quis duis aute occaecat elit fugiat ad nisi fugiat culpa mollit ea labore enim incididunt. Voluptate minim reprehenderit tempor sint. Veniam reprehenderit deserunt officia ex id occaecat est aliquip consectetur do exercitation.\r\n", "features":[], "industry":"Gynk", "postalCode":86552, "registered":"2015-11-03T08:54:50 +08:00"}, "geometry":{"type":"Point", "coordinates":[-134.4702, -29.9531]}}