{"type":"Feature", "properties":{"_id":"5792454f83dbb45fe38c5c67", "age":37, "eyeColor":"brown", "name":"Oneil Hall", "gender":"male", "company":"PETIGEMS", "email":"oneilhall@petigems.com", "phone":"+1 (944) 479-3268", "address":"128 Denton Place, Adelino, North Dakota, 9229", "about":"Pariatur dolore ad anim non laborum sint dolor et enim duis cupidatat amet labore. Magna nisi ex adipisicing deserunt voluptate aliquip. Eiusmod commodo consectetur voluptate in nulla. In anim dolor dolor eiusmod tempor.\r\n", "features":["Furnigeer", "Mantro", "Aquoavo"], "industry":"Zillidium", "postalCode":90151, "registered":"2016-02-02T12:06:34 +08:00"}, "geometry":{"type":"Point", "coordinates":[-19.4334, -76.7279]}}