{"type":"Feature", "properties":{"_id":"5792454ffa786930641bc5e0", "age":26, "eyeColor":"green", "name":"Puckett Roth", "gender":"male", "company":"OTHERSIDE", "email":"puckettroth@otherside.com", "phone":"+1 (982) 467-2130", "address":"474 Gates Avenue, Garnet, New Mexico, 9952", "about":"Voluptate anim nostrud adipisicing excepteur eiusmod amet deserunt aliquip ullamco incididunt sit laboris. Pariatur consequat incididunt id aliquip exercitation sunt duis commodo exercitation velit elit irure ad ea. Qui ipsum officia eiusmod mollit proident eu tempor non. Qui voluptate Lorem excepteur sint quis enim velit aliquip labore eiusmod id aliqua.\r\n", "features":[], "industry":"Rubadub", "postalCode":88547, "registered":"2014-03-25T11:16:17 +07:00"}, "geometry":{"type":"Point", "coordinates":[49.8093, 16.8114]}}