{"type":"Feature", "properties":{"_id":"5792454f9b6324e70906d7b5", "age":34, "eyeColor":"green", "name":"Della Good", "gender":"female", "company":"KIOSK", "email":"dellagood@kiosk.com", "phone":"+1 (822) 401-3782", "address":"606 Stillwell Place, Blairstown, Illinois, 6245", "about":"Laboris do occaecat eu veniam consequat laboris laboris in deserunt nisi Lorem fugiat sit. Sunt incididunt eiusmod consectetur eiusmod sunt Lorem anim. Exercitation ex dolore reprehenderit ex. Nisi anim cupidatat consequat velit minim tempor laboris Lorem ipsum nulla commodo sit. Nostrud aliqua et ad commodo anim anim exercitation. Dolor deserunt consequat voluptate cillum dolor duis tempor Lorem nulla culpa exercitation. Amet veniam anim sit amet dolor incididunt incididunt velit adipisicing.\r\n", "features":[], "industry":"Tripsch", "postalCode":91250, "registered":"2015-02-18T01:33:24 +08:00"}, "geometry":{"type":"Point", "coordinates":[137.8018, 42.1407]}}