{"type":"Feature", "properties":{"_id":"5792454fe7d4bc06bbf8acba", "age":36, "eyeColor":"blue", "name":"Howe Spence", "gender":"male", "company":"EQUICOM", "email":"howespence@equicom.com", "phone":"+1 (914) 419-2167", "address":"392 Colin Place, Allison, Colorado, 4422", "about":"Nulla cillum est exercitation cillum reprehenderit duis cupidatat sit pariatur sunt est eu. Dolore exercitation reprehenderit aliqua labore cillum reprehenderit aliqua sunt. Amet cupidatat eiusmod dolore labore adipisicing cupidatat eiusmod exercitation ullamco cillum. Nulla duis cillum ut ut ut ut aliqua qui adipisicing. Laboris ullamco elit exercitation culpa Lorem culpa ipsum.\r\n", "features":["Zentility", "Zeam", "Kongene"], "industry":"Aclima", "postalCode":96655, "registered":"2015-01-10T07:36:48 +08:00"}, "geometry":{"type":"Point", "coordinates":[4.5834, 5.7657]}}