{"type":"Feature", "properties":{"_id":"5792454f55bb984342ce38c6", "age":29, "eyeColor":"blue", "name":"Fannie Carson", "gender":"female", "company":"TALAE", "email":"fanniecarson@talae.com", "phone":"+1 (854) 417-2457", "address":"450 Delmonico Place, Brule, Virgin Islands, 8106", "about":"Consequat minim minim laboris Lorem ad nostrud quis commodo minim. Excepteur officia quis eu ullamco ipsum do anim cupidatat deserunt eu aliquip consequat proident. Anim exercitation est duis proident consequat exercitation culpa occaecat non commodo cillum dolore consequat eiusmod. Elit culpa esse Lorem velit.\r\n", "features":["Apextri", "Supportal"], "industry":"Comvey", "postalCode":81956, "registered":"2016-07-11T02:32:45 +07:00"}, "geometry":{"type":"Point", "coordinates":[132.6541, 8.223]}}