{"type":"Feature", "properties":{"_id":"5792454ff856e9cd6229a478", "age":30, "eyeColor":"blue", "name":"Rhonda Phillips", "gender":"female", "company":"BULLJUICE", "email":"rhondaphillips@bulljuice.com", "phone":"+1 (968) 578-2952", "address":"403 Canal Avenue, Bedias, New York, 572", "about":"Lorem minim sit duis deserunt duis ad aute occaecat do amet amet pariatur deserunt magna. Ipsum velit magna est culpa exercitation occaecat adipisicing exercitation esse sunt. Deserunt nostrud cupidatat aute laboris adipisicing veniam dolore officia nulla deserunt officia nostrud sunt.\r\n", "features":["Remotion", "Buzzness", "Tropoli", "Plasto"], "industry":"Pheast", "postalCode":96952, "registered":"2015-01-19T02:30:25 +08:00"}, "geometry":{"type":"Point", "coordinates":[120.3434, -32.6513]}}