{"type":"Feature", "properties":{"_id":"5792454fa7fd69caacf5f41f", "age":24, "eyeColor":"blue", "name":"Conway Ware", "gender":"male", "company":"MEDCOM", "email":"conwayware@medcom.com", "phone":"+1 (808) 540-2727", "address":"342 Bethel Loop, Condon, New York, 3780", "about":"Pariatur ex nisi irure consectetur. Sit voluptate id aliquip sint ea laboris pariatur. Qui anim tempor ut est excepteur esse fugiat deserunt ad nisi proident ullamco consequat est.\r\n", "features":["Speedbolt", "Xleen"], "industry":"Insurety", "postalCode":98554, "registered":"2015-05-13T09:59:06 +07:00"}, "geometry":{"type":"Point", "coordinates":[73.7918, -83.4982]}}