{"type":"Feature", "properties":{"_id":"5792454fc428af40c6320326", "age":35, "eyeColor":"blue", "name":"Miranda Howard", "gender":"female", "company":"ETERNIS", "email":"mirandahoward@eternis.com", "phone":"+1 (863) 499-2088", "address":"122 Waldane Court, Goochland, Ohio, 5304", "about":"Occaecat do ad magna incididunt elit aliqua aute incididunt id excepteur dolore nisi est. Anim nulla quis qui duis et. Sint deserunt magna ullamco sit non eu. Exercitation eiusmod minim tempor dolore voluptate culpa magna eu est occaecat non minim. Commodo duis velit eu elit aliqua ipsum ipsum sunt nisi ex. Aliqua nisi duis nostrud mollit anim ad eiusmod deserunt veniam laboris dolore nostrud in labore. Irure consectetur eiusmod excepteur minim id est commodo nisi.\r\n", "features":[], "industry":"Conjurica", "postalCode":93647, "registered":"2015-10-17T01:07:36 +07:00"}, "geometry":{"type":"Point", "coordinates":[35.1567, -70.7917]}}