{"type":"Feature", "properties":{"_id":"5792454fa64cad47d94d20c0", "age":23, "eyeColor":"green", "name":"Hazel Mcmahon", "gender":"female", "company":"MEGALL", "email":"hazelmcmahon@megall.com", "phone":"+1 (848) 526-3790", "address":"833 Summit Street, Bainbridge, Maryland, 9260", "about":"Et reprehenderit enim amet ut incididunt Lorem quis elit nostrud enim deserunt do. Officia cupidatat pariatur adipisicing irure labore sit sint adipisicing esse. Sunt Lorem nulla Lorem commodo ullamco. Dolore commodo aute sint ex. Dolore ipsum laborum commodo excepteur aliquip culpa commodo do dolor cupidatat ex minim sit anim. Sunt elit aliquip cupidatat non qui sint officia labore culpa.\r\n", "features":[], "industry":"Digiprint", "postalCode":89051, "registered":"2015-01-02T12:01:46 +08:00"}, "geometry":{"type":"Point", "coordinates":[-112.5148, -37.7977]}}