{"type":"Feature", "properties":{"_id":"5792454f68a52bc6cf0fdcbd", "age":21, "eyeColor":"blue", "name":"Callie West", "gender":"female", "company":"COMBOGEN", "email":"calliewest@combogen.com", "phone":"+1 (834) 493-2777", "address":"534 Hooper Street, Vale, Michigan, 851", "about":"Qui anim in ullamco elit aliqua Lorem adipisicing voluptate officia voluptate pariatur et ullamco ut. Pariatur non ea voluptate labore tempor ipsum magna pariatur enim enim dolor ea irure. Cupidatat commodo ad aliqua quis reprehenderit. Lorem ex nisi do aliquip enim. Sit commodo duis nisi incididunt esse pariatur exercitation ea culpa. Dolore ut commodo cupidatat dolore reprehenderit Lorem aliquip tempor consectetur quis consequat Lorem magna qui.\r\n", "features":[], "industry":"Medicroix", "postalCode":88958, "registered":"2014-01-26T07:16:26 +08:00"}, "geometry":{"type":"Point", "coordinates":[71.7634, -79.7478]}}