{"type":"Feature", "properties":{"_id":"5792454f60bf88d832b1a996", "age":39, "eyeColor":"green", "name":"Patty Gutierrez", "gender":"female", "company":"FARMEX", "email":"pattygutierrez@farmex.com", "phone":"+1 (972) 463-3873", "address":"881 Tompkins Avenue, Fairforest, Kansas, 9528", "about":"Culpa magna exercitation ea reprehenderit magna consectetur elit et quis est amet duis nostrud esse. Enim laborum in eiusmod consequat tempor et sunt incididunt duis aliquip. Ullamco non laborum excepteur sint laboris aute consectetur.\r\n", "features":[], "industry":"Qiao", "postalCode":94457, "registered":"2014-01-12T09:31:37 +08:00"}, "geometry":{"type":"Point", "coordinates":[58.5734, 4.2483]}}