{"type":"Feature", "properties":{"_id":"5792454f94276edee94e2db5", "age":28, "eyeColor":"green", "name":"Rollins Merrill", "gender":"male", "company":"GENMEX", "email":"rollinsmerrill@genmex.com", "phone":"+1 (853) 559-2554", "address":"308 Dunne Place, Chilton, Hawaii, 7268", "about":"Velit ex quis exercitation proident velit cillum cupidatat laborum quis sunt exercitation occaecat laborum. Et ad excepteur do esse laborum dolor officia aliquip excepteur qui esse duis est sunt. Tempor sunt dolor dolore veniam amet minim tempor minim eiusmod eiusmod proident. Eiusmod excepteur sunt duis ad qui. Occaecat sit labore eu id aliquip mollit occaecat duis laborum sint ipsum. Duis proident aute nulla consectetur culpa reprehenderit eiusmod mollit ut.\r\n", "features":["Anacho", "Avit"], "industry":"Printspan", "postalCode":90058, "registered":"2015-03-27T03:13:54 +07:00"}, "geometry":{"type":"Point", "coordinates":[27.2339, 3.7779]}}