{"type":"Feature", "properties":{"_id":"5792454ff9595296bf301838", "age":37, "eyeColor":"green", "name":"Lottie Camacho", "gender":"female", "company":"ULTRIMAX", "email":"lottiecamacho@ultrimax.com", "phone":"+1 (966) 447-2261", "address":"812 Dictum Court, Belleview, Maryland, 8651", "about":"Consectetur culpa labore nisi ullamco anim fugiat deserunt fugiat tempor quis consequat et. Culpa laboris cillum non irure enim eiusmod duis et dolore culpa exercitation incididunt tempor. Esse minim deserunt Lorem ex.\r\n", "features":["Combogene", "Elemantra", "Sequitur", "Steelfab"], "industry":"Animalia", "postalCode":85750, "registered":"2016-03-06T08:19:44 +08:00"}, "geometry":{"type":"Point", "coordinates":[-62.7678, 38.8344]}}