{"type":"Feature", "properties":{"_id":"5792454fe2b5218ae2ce2737", "age":24, "eyeColor":"brown", "name":"Amie Burks", "gender":"female", "company":"TUBESYS", "email":"amieburks@tubesys.com", "phone":"+1 (865) 408-2507", "address":"438 Dekoven Court, Leming, Wisconsin, 1413", "about":"Esse nostrud est laboris nostrud esse cillum aute consectetur esse. Non id non ut aliquip enim nulla dolor nulla. Esse sunt labore labore et eu culpa qui id nisi nostrud irure. Aute cillum laboris voluptate exercitation amet consectetur aliqua laborum eiusmod enim proident est velit. Laborum fugiat cupidatat nostrud nulla nulla enim sint eiusmod labore mollit anim. Commodo consectetur aute ullamco in proident minim eu cupidatat. Magna magna ipsum mollit amet reprehenderit pariatur consectetur.\r\n", "features":["Magnemo", "Eclipsent", "Pivitol", "Quizmo"], "industry":"Zboo", "postalCode":83556, "registered":"2014-10-17T02:53:22 +07:00"}, "geometry":{"type":"Point", "coordinates":[65.3045, 38.681]}}