{"type":"Feature", "properties":{"_id":"5792454e5ab1db725a7cd54d", "age":36, "eyeColor":"blue", "name":"Duran Stark", "gender":"male", "company":"ELENTRIX", "email":"duranstark@elentrix.com", "phone":"+1 (896) 461-3298", "address":"799 Kenmore Terrace, Weedville, Marshall Islands, 2080", "about":"Aliqua quis incididunt aute pariatur nulla sit laboris culpa esse est Lorem non occaecat. Consectetur eu cillum proident exercitation mollit sint laborum cupidatat nostrud labore. Magna aliquip ad eu occaecat ea aute excepteur. Ut exercitation duis aliquip ut id. Consequat dolore nulla aliquip consequat cillum mollit veniam dolor labore ad adipisicing. Et quis in sit sint cupidatat et qui sunt culpa duis adipisicing. Proident consequat qui incididunt nostrud do adipisicing eiusmod.\r\n", "features":["Uncorp"], "industry":"Zenthall", "postalCode":88646, "registered":"2016-04-09T01:34:11 +07:00"}, "geometry":{"type":"Point", "coordinates":[-122.4258, -83.6766]}}