{"type":"Feature", "properties":{"_id":"5792454f7e1650559f322faa", "age":39, "eyeColor":"brown", "name":"Kemp Barnes", "gender":"male", "company":"TETAK", "email":"kempbarnes@tetak.com", "phone":"+1 (939) 588-2199", "address":"539 Java Street, Dundee, Idaho, 8936", "about":"Dolor proident ad qui adipisicing dolore et veniam tempor reprehenderit anim irure quis ut laboris. Deserunt dolore qui tempor exercitation duis in aliquip exercitation minim deserunt mollit adipisicing aute incididunt. Laborum veniam ipsum deserunt cupidatat id commodo labore. Labore ut commodo dolor nisi veniam in enim irure aliqua nostrud irure. Reprehenderit velit dolor cillum cillum proident ipsum amet fugiat. Ipsum sunt in officia irure nulla dolor commodo.\r\n", "features":["Geeknet"], "industry":"Isologix", "postalCode":81451, "registered":"2014-02-02T04:30:26 +08:00"}, "geometry":{"type":"Point", "coordinates":[-152.7826, 60.0775]}}