{"type":"Feature", "properties":{"_id":"5792454f68b00e2d91ca2aff", "age":38, "eyeColor":"green", "name":"Candice Alvarado", "gender":"female", "company":"COMTENT", "email":"candicealvarado@comtent.com", "phone":"+1 (849) 463-3515", "address":"888 Everett Avenue, Camino, Marshall Islands, 3122", "about":"Eiusmod minim est Lorem irure excepteur reprehenderit sunt sunt duis sunt proident culpa. Ipsum commodo qui minim labore in cupidatat amet cupidatat excepteur. Ipsum velit elit duis consequat Lorem. Reprehenderit quis mollit elit incididunt aliqua.\r\n", "features":["Poshome", "Xplor", "Kineticut", "Farmage"], "industry":"Inrt", "postalCode":91553, "registered":"2015-06-21T07:30:16 +07:00"}, "geometry":{"type":"Point", "coordinates":[59.0297, 0.1875]}}