{"type":"Feature", "properties":{"_id":"5792454f9a57113dd74b6a7b", "age":20, "eyeColor":"brown", "name":"Rodriquez Travis", "gender":"male", "company":"MOBILDATA", "email":"rodriqueztravis@mobildata.com", "phone":"+1 (925) 550-3778", "address":"834 Lester Court, Harold, Northern Mariana Islands, 2699", "about":"Exercitation velit sunt consectetur fugiat tempor nisi qui deserunt labore occaecat consequat. Exercitation labore Lorem mollit officia fugiat proident ipsum minim amet sunt eu. Dolor velit sunt elit qui aute tempor. In pariatur magna consectetur aliqua adipisicing mollit fugiat. Ex ullamco mollit adipisicing consectetur sint aliqua laborum id cupidatat ut id qui labore. Dolor cillum officia et nisi dolor consequat irure eiusmod est. Elit ipsum dolore duis voluptate velit excepteur nostrud dolore qui ut ipsum.\r\n", "features":["Retrotex", "Cormoran", "Aquafire", "Uneeq"], "industry":"Neteria", "postalCode":96251, "registered":"2014-12-31T02:34:36 +08:00"}, "geometry":{"type":"Point", "coordinates":[-144.6319, 60.1222]}}