{"type":"Feature", "properties":{"_id":"5792454f5d9a3387d9b41c94", "age":38, "eyeColor":"green", "name":"Conley Bolton", "gender":"male", "company":"REMOLD", "email":"conleybolton@remold.com", "phone":"+1 (869) 509-3786", "address":"233 Hall Street, Elrama, New Mexico, 6149", "about":"Sit nisi dolore anim aute dolor excepteur velit sunt esse enim magna. Incididunt eu nisi amet esse reprehenderit in occaecat irure ea exercitation tempor proident. Adipisicing nulla tempor excepteur culpa sunt nisi id sint. Ea enim labore adipisicing ea est aute ut ea excepteur. Fugiat elit do eu voluptate dolor ex eu.\r\n", "features":["Obliq", "Arctiq"], "industry":"Radiantix", "postalCode":93544, "registered":"2015-12-29T04:52:02 +08:00"}, "geometry":{"type":"Point", "coordinates":[18.2, -31.7022]}}