{"type":"Feature", "properties":{"_id":"5792454e4a5e98b468cb0c4f", "age":40, "eyeColor":"brown", "name":"Carissa Alexander", "gender":"female", "company":"NAMEBOX", "email":"carissaalexander@namebox.com", "phone":"+1 (972) 509-3214", "address":"544 Beaver Street, Finzel, North Carolina, 9943", "about":"Qui reprehenderit commodo nostrud et sit do cupidatat proident aliqua mollit labore aliquip. Lorem deserunt pariatur est qui adipisicing occaecat magna dolor cupidatat occaecat pariatur occaecat amet eu. Eiusmod laborum ipsum enim anim veniam labore consequat duis nisi Lorem deserunt qui incididunt deserunt.\r\n", "features":[], "industry":"Lunchpod", "postalCode":90049, "registered":"2014-08-01T11:38:07 +07:00"}, "geometry":{"type":"Point", "coordinates":[-83.6308, -60.2102]}}