{"type":"Feature", "properties":{"_id":"5792454ef0697881929ba09c", "age":21, "eyeColor":"brown", "name":"Adams Owens", "gender":"male", "company":"EXOPLODE", "email":"adamsowens@exoplode.com", "phone":"+1 (838) 476-2409", "address":"571 Newel Street, Ladera, Nebraska, 518", "about":"Tempor aute ut ex irure ipsum magna sunt eu commodo. Elit cillum amet id proident. Aute elit est ullamco esse dolor sit. Veniam dolore irure adipisicing culpa amet aliquip. Exercitation veniam aliquip ea nostrud id. Elit in occaecat sunt incididunt duis sint adipisicing anim. Excepteur ullamco amet aliqua eiusmod.\r\n", "features":["Flum", "Norsup", "Senmei"], "industry":"Quotezart", "postalCode":94153, "registered":"2015-08-30T07:28:42 +07:00"}, "geometry":{"type":"Point", "coordinates":[4.2192, -9.4915]}}