{"type":"Feature", "properties":{"_id":"5792454f52ee54b5b39fe13d", "age":39, "eyeColor":"blue", "name":"Valenzuela Murray", "gender":"male", "company":"NEUROCELL", "email":"valenzuelamurray@neurocell.com", "phone":"+1 (970) 423-3886", "address":"221 Sedgwick Street, Monument, Ohio, 6896", "about":"Anim laboris mollit sit elit aliqua amet non. Dolor culpa magna magna ut deserunt anim proident minim nostrud do excepteur ea aliquip. Esse ea aliquip tempor minim mollit non voluptate exercitation cupidatat nisi ea id id. Pariatur consequat deserunt veniam do adipisicing laboris duis nulla.\r\n", "features":["Snacktion", "Zillanet"], "industry":"Bluplanet", "postalCode":84344, "registered":"2015-11-18T06:37:58 +08:00"}, "geometry":{"type":"Point", "coordinates":[123.1027, 15.9538]}}