{"type":"Feature", "properties":{"_id":"5792454f4685095b6af101bb", "age":31, "eyeColor":"blue", "name":"Monroe Charles", "gender":"male", "company":"KYAGURU", "email":"monroecharles@kyaguru.com", "phone":"+1 (899) 429-3885", "address":"178 Sullivan Street, Elizaville, Montana, 5005", "about":"Ullamco voluptate nulla pariatur cupidatat aliquip nulla eu Lorem nostrud eiusmod. Sunt magna laborum excepteur enim ipsum non cillum amet ut dolore. Irure commodo adipisicing aliqua cillum veniam ipsum proident minim magna voluptate amet consectetur nisi. Adipisicing officia officia amet occaecat magna consectetur culpa nulla laboris aute cillum. Sunt laborum ipsum proident dolor proident fugiat consequat.\r\n", "features":[], "industry":"Pawnagra", "postalCode":85250, "registered":"2016-07-14T01:36:31 +07:00"}, "geometry":{"type":"Point", "coordinates":[146.9867, -65.1118]}}