{"type":"Feature", "properties":{"_id":"5792454fa3dc91f275fbac74", "age":27, "eyeColor":"brown", "name":"Yvette Moon", "gender":"female", "company":"MEDIFAX", "email":"yvettemoon@medifax.com", "phone":"+1 (801) 417-2570", "address":"528 Colonial Court, Jeff, Virginia, 3408", "about":"Dolore ipsum anim ipsum laborum cupidatat. Tempor incididunt ex deserunt nostrud ipsum. Id laboris consectetur id ex ad est culpa proident voluptate exercitation anim nostrud. Laboris minim dolor anim laboris aliquip do tempor elit est voluptate id. Consequat eu quis ex anim Lorem ipsum minim do ex fugiat enim dolor laborum tempor. Aliquip labore aliqua ipsum ex duis excepteur excepteur velit proident sunt cupidatat cillum quis consequat.\r\n", "features":["Acruex", "Evidends", "Wrapture", "Splinx"], "industry":"Architax", "postalCode":84448, "registered":"2016-05-08T02:25:33 +07:00"}, "geometry":{"type":"Point", "coordinates":[-107.3377, 68.4872]}}