{"type":"Feature", "properties":{"_id":"5792454f322c761f7367d620", "age":29, "eyeColor":"brown", "name":"Ruiz Ortega", "gender":"male", "company":"SULFAX", "email":"ruizortega@sulfax.com", "phone":"+1 (955) 571-2824", "address":"188 Knickerbocker Avenue, Berwind, Puerto Rico, 1537", "about":"Sint et ut anim laboris sunt quis proident dolore enim pariatur minim. Esse fugiat qui sit officia dolore duis. Commodo id consequat nisi reprehenderit duis pariatur ex cupidatat amet occaecat aute. In cupidatat officia sunt proident veniam non exercitation consequat mollit do cillum.\r\n", "features":[], "industry":"Zaphire", "postalCode":92657, "registered":"2016-03-22T05:03:52 +07:00"}, "geometry":{"type":"Point", "coordinates":[-112.6374, 36.9598]}}