{"type":"Feature", "properties":{"_id":"5792454f2e347d5aa5989d16", "age":28, "eyeColor":"brown", "name":"Jeannette Bailey", "gender":"female", "company":"ZILIDIUM", "email":"jeannettebailey@zilidium.com", "phone":"+1 (853) 469-2479", "address":"964 Stockton Street, Southview, Nebraska, 6480", "about":"Labore velit eu magna consectetur culpa eu labore minim ad sit proident. Officia qui id officia aute nisi labore duis. Laborum consequat ipsum laborum cupidatat incididunt ex ea ut in esse dolore ea. Consectetur laborum laboris amet elit proident anim aute proident.\r\n", "features":["Ebidco"], "industry":"Techmania", "postalCode":94252, "registered":"2014-01-20T10:49:25 +08:00"}, "geometry":{"type":"Point", "coordinates":[3.9082, -48.0901]}}