{"type":"Feature", "properties":{"_id":"5792454f5ccf7f474ff7659d", "age":31, "eyeColor":"brown", "name":"Mcclain Sullivan", "gender":"male", "company":"TASMANIA", "email":"mcclainsullivan@tasmania.com", "phone":"+1 (994) 600-3172", "address":"422 Canton Court, Rockbridge, Wisconsin, 2097", "about":"Voluptate laborum aliquip ipsum pariatur anim mollit adipisicing qui consectetur qui pariatur exercitation elit eu. Magna non qui veniam ea tempor sit sunt id anim nisi ipsum deserunt irure velit. Fugiat ea occaecat esse esse enim excepteur ad. Irure labore tempor sit culpa reprehenderit eiusmod mollit. Excepteur ipsum cupidatat eu cupidatat reprehenderit. Fugiat nulla magna magna dolore adipisicing in dolor ad est dolore magna consequat.\r\n", "features":["Zerology", "Insource"], "industry":"Entality", "postalCode":90751, "registered":"2014-08-15T02:00:11 +07:00"}, "geometry":{"type":"Point", "coordinates":[9.6643, -8.7709]}}