{"type":"Feature", "properties":{"_id":"5792454f7e8fbf1ac45bcc43", "age":39, "eyeColor":"brown", "name":"Etta Woodard", "gender":"female", "company":"BLURRYBUS", "email":"ettawoodard@blurrybus.com", "phone":"+1 (864) 414-2666", "address":"813 Prospect Avenue, Hanover, Palau, 6338", "about":"Eu dolor minim id labore exercitation deserunt Lorem occaecat laboris aliquip. Cillum aute ut eu id sit sint adipisicing nostrud laboris. Lorem officia veniam tempor commodo. Adipisicing excepteur sint minim sit veniam elit anim eiusmod labore laboris aliquip quis sint.\r\n", "features":["Extrawear", "Duoflex", "Zillacon"], "industry":"Idealis", "postalCode":93958, "registered":"2014-09-26T12:40:55 +07:00"}, "geometry":{"type":"Point", "coordinates":[-152.934, 28.5803]}}