{"type":"Feature", "properties":{"_id":"5792454fc9c7ce52de007430", "age":25, "eyeColor":"green", "name":"Potts Ramirez", "gender":"male", "company":"ISOLOGIA", "email":"pottsramirez@isologia.com", "phone":"+1 (907) 409-2482", "address":"131 Saratoga Avenue, Durham, Illinois, 3164", "about":"Aliqua quis nostrud esse sunt anim aliquip id sit anim magna aliqua consectetur est nulla. Qui ullamco sint qui anim nulla quis. Incididunt in consectetur quis consectetur id nostrud do velit non non.\r\n", "features":["Martgo", "Recrisys"], "industry":"Zoinage", "postalCode":90048, "registered":"2014-08-31T06:56:33 +07:00"}, "geometry":{"type":"Point", "coordinates":[166.2863, -73.6534]}}