{"type":"Feature", "properties":{"_id":"5792454e1e41a83178cb59ba", "age":29, "eyeColor":"brown", "name":"Morris Dunn", "gender":"male", "company":"QUARX", "email":"morrisdunn@quarx.com", "phone":"+1 (934) 566-3496", "address":"898 Bushwick Avenue, Avoca, Maryland, 9876", "about":"Esse amet laborum ad excepteur magna exercitation excepteur. Laboris deserunt cupidatat nisi cillum laboris. Elit velit tempor ea id eu labore exercitation ut fugiat quis aliqua.\r\n", "features":["Zillan", "Songbird", "Egypto", "Snowpoke"], "industry":"Daisu", "postalCode":86748, "registered":"2015-05-24T09:16:57 +07:00"}, "geometry":{"type":"Point", "coordinates":[140.1298, -89.4405]}}