{"type":"Feature", "properties":{"_id":"5792454f2f55062fd4a7eede", "age":29, "eyeColor":"green", "name":"Mack Ramos", "gender":"male", "company":"QABOOS", "email":"mackramos@qaboos.com", "phone":"+1 (967) 475-2320", "address":"408 Oxford Street, Kula, Louisiana, 6957", "about":"Fugiat voluptate commodo sit elit est id eu quis est ipsum sint do cupidatat duis. Cupidatat Lorem exercitation ex tempor velit est. Ullamco veniam incididunt cillum ut culpa deserunt elit dolor sit sint aliqua duis aliquip dolor.\r\n", "features":["Andershun"], "industry":"Kiggle", "postalCode":87557, "registered":"2015-07-17T12:46:12 +07:00"}, "geometry":{"type":"Point", "coordinates":[162.9481, -73.7862]}}