{"type":"Feature", "properties":{"_id":"5792454f03a1624e0e6e4cbd", "age":26, "eyeColor":"green", "name":"Katheryn Conrad", "gender":"female", "company":"JAMNATION", "email":"katherynconrad@jamnation.com", "phone":"+1 (985) 534-2263", "address":"793 Croton Loop, Fairfield, Guam, 3797", "about":"Ad Lorem consequat commodo officia ex irure ea mollit commodo laborum eiusmod consectetur eiusmod eiusmod. Culpa deserunt aliqua consequat reprehenderit sunt adipisicing est enim esse ex anim ullamco exercitation. Et Lorem in quis nulla duis dolore. Eiusmod dolore ipsum culpa quis adipisicing reprehenderit eiusmod adipisicing magna in officia officia amet sit. Ut duis incididunt elit aute veniam. Et exercitation nisi fugiat aliquip.\r\n", "features":["Apexia", "Deviltoe"], "industry":"Savvy", "postalCode":95948, "registered":"2015-07-23T02:08:39 +07:00"}, "geometry":{"type":"Point", "coordinates":[83.3398, 65.6989]}}