{"type":"Feature", "properties":{"_id":"5792454fb9dee3faf19ad9de", "age":30, "eyeColor":"brown", "name":"Rita Lee", "gender":"female", "company":"QUILTIGEN", "email":"ritalee@quiltigen.com", "phone":"+1 (818) 474-3221", "address":"302 Auburn Place, Slovan, Indiana, 1588", "about":"In sunt cillum velit pariatur et mollit. Sunt reprehenderit minim consectetur veniam. Culpa ad occaecat consectetur consequat aute sit eu ea ullamco qui. Irure do qui qui cillum ullamco deserunt. Nisi labore sint ad voluptate. Pariatur anim non tempor commodo nostrud incididunt pariatur ad ut.\r\n", "features":["Dancerity"], "industry":"Bluegrain", "postalCode":82144, "registered":"2014-03-01T10:38:46 +08:00"}, "geometry":{"type":"Point", "coordinates":[-110.0899, 50.3485]}}