{"type":"Feature", "properties":{"_id":"5792454f9d5334bf3c232e9d", "age":28, "eyeColor":"green", "name":"Kathryn Clements", "gender":"female", "company":"CYTREK", "email":"kathrynclements@cytrek.com", "phone":"+1 (851) 454-2296", "address":"290 Hicks Street, Trail, Colorado, 4340", "about":"Nulla magna duis esse sit eu sint veniam est duis fugiat. Magna irure quis duis fugiat nisi dolore irure qui. Ex amet deserunt nisi mollit fugiat do esse tempor aute quis. Aute aliquip consequat aliquip officia ea cupidatat consequat aliqua. Est aliqua sit labore aute deserunt ut fugiat. Excepteur tempor occaecat exercitation ad eu esse eu.\r\n", "features":[], "industry":"Obones", "postalCode":94450, "registered":"2014-11-23T02:39:46 +08:00"}, "geometry":{"type":"Point", "coordinates":[177.6851, 85.5259]}}