{"type":"Feature", "properties":{"_id":"5792454fb7f97758ce1deeb8", "age":22, "eyeColor":"brown", "name":"Leah Arnold", "gender":"female", "company":"ISOPLEX", "email":"leaharnold@isoplex.com", "phone":"+1 (906) 491-3313", "address":"308 Danforth Street, Kennedyville, Hawaii, 8588", "about":"Lorem veniam adipisicing do voluptate excepteur est. Nostrud quis officia amet duis pariatur. Culpa ut dolore laborum aute pariatur eiusmod voluptate. Tempor do non ea esse ad proident dolore culpa excepteur culpa. Laboris proident ut do fugiat. Voluptate consectetur ex et proident. Quis labore aute incididunt do fugiat cillum do commodo fugiat ut nisi commodo ullamco enim.\r\n", "features":["Isosure", "Pushcart"], "industry":"Pyramax", "postalCode":86850, "registered":"2014-10-19T07:03:10 +07:00"}, "geometry":{"type":"Point", "coordinates":[-28.5673, -36.3092]}}