{"type":"Feature", "properties":{"_id":"5792454fd51a53e22aec4397", "age":40, "eyeColor":"brown", "name":"Dillard Emerson", "gender":"male", "company":"GENMY", "email":"dillardemerson@genmy.com", "phone":"+1 (832) 493-3582", "address":"562 Raleigh Place, Kraemer, Virginia, 4094", "about":"Tempor mollit exercitation labore irure. Consequat occaecat ut eiusmod minim eiusmod enim commodo enim dolor commodo pariatur irure velit magna. Labore anim enim in deserunt elit esse laboris occaecat ad. Cillum exercitation id anim aliqua anim deserunt excepteur. Est occaecat irure anim nisi sit veniam ut ad eiusmod dolor incididunt ex officia.\r\n", "features":[], "industry":"Glasstep", "postalCode":91652, "registered":"2016-01-12T03:41:40 +08:00"}, "geometry":{"type":"Point", "coordinates":[-99.6053, 12.8382]}}