{"type":"Feature", "properties":{"_id":"5792454f7967585ff999c510", "age":28, "eyeColor":"green", "name":"Charles Mayo", "gender":"male", "company":"TALKOLA", "email":"charlesmayo@talkola.com", "phone":"+1 (874) 443-2298", "address":"489 Ridge Court, Sehili, Rhode Island, 9939", "about":"Aliqua adipisicing magna sint proident voluptate sit duis deserunt aliqua eu elit. Eu commodo sit tempor occaecat. Sunt et commodo voluptate tempor excepteur sit minim amet deserunt velit qui tempor deserunt. Ex aute irure eu laborum deserunt dolor laborum aliquip reprehenderit mollit tempor voluptate. Labore non dolor officia nisi Lorem reprehenderit minim sint elit labore.\r\n", "features":["Niquent", "Emergent"], "industry":"Suretech", "postalCode":81753, "registered":"2015-04-09T12:04:55 +07:00"}, "geometry":{"type":"Point", "coordinates":[135.9393, -38.1515]}}