{"type":"Feature", "properties":{"_id":"5792454e0ee2da5fda85a5f8", "age":35, "eyeColor":"brown", "name":"Delacruz Garza", "gender":"male", "company":"MAGMINA", "email":"delacruzgarza@magmina.com", "phone":"+1 (965) 575-3061", "address":"446 Holmes Lane, Lafferty, Louisiana, 1760", "about":"Quis nulla labore aliquip duis enim incididunt sint ipsum eu. Aliqua Lorem qui est cupidatat dolore dolore laboris mollit sint adipisicing. Pariatur do culpa laborum et nostrud consectetur tempor proident pariatur incididunt occaecat. Cillum exercitation ut laboris esse do. Dolor incididunt mollit tempor veniam consectetur consequat esse aliqua ad magna. Excepteur minim dolore commodo deserunt incididunt elit aliquip. Dolore sunt sunt qui est ipsum velit ex fugiat deserunt aliqua.\r\n", "features":["Spacewax"], "industry":"Xsports", "postalCode":89656, "registered":"2015-09-01T08:28:40 +07:00"}, "geometry":{"type":"Point", "coordinates":[155.8971, -21.2707]}}