{"type":"Feature", "properties":{"_id":"5792454f3e042afb855739b5", "age":26, "eyeColor":"brown", "name":"Rowena Carter", "gender":"female", "company":"AUSTECH", "email":"rowenacarter@austech.com", "phone":"+1 (807) 408-2906", "address":"302 Lexington Avenue, Dennard, Northern Mariana Islands, 6079", "about":"Sit aliquip qui dolore cupidatat laboris laborum mollit voluptate mollit. Enim tempor fugiat qui tempor excepteur elit et minim ullamco cupidatat dolore. Adipisicing et elit laborum deserunt ex culpa anim sit eu consectetur.\r\n", "features":["Vidto", "Overfork", "Polaria"], "industry":"Genekom", "postalCode":95752, "registered":"2015-12-04T09:38:11 +08:00"}, "geometry":{"type":"Point", "coordinates":[33.0304, 31.3088]}}