{"type":"Feature", "properties":{"_id":"5792454f28e5c04917754f8e", "age":26, "eyeColor":"brown", "name":"Salazar Morris", "gender":"male", "company":"QUANTASIS", "email":"salazarmorris@quantasis.com", "phone":"+1 (959) 554-3867", "address":"848 Roebling Street, Linwood, Connecticut, 6832", "about":"Consectetur dolor culpa reprehenderit minim irure pariatur esse officia nisi. Duis duis dolor mollit proident quis est fugiat officia. Ipsum cupidatat excepteur aliqua minim irure magna. Nisi eiusmod consectetur mollit proident est ad nisi.\r\n", "features":[], "industry":"Tubalum", "postalCode":85740, "registered":"2015-12-01T01:55:57 +08:00"}, "geometry":{"type":"Point", "coordinates":[101.9181, -68.7166]}}