{"type":"Feature", "properties":{"_id":"5792454ffb2a9409fa8b22ba", "age":34, "eyeColor":"green", "name":"Wendi Irwin", "gender":"female", "company":"DAYCORE", "email":"wendiirwin@daycore.com", "phone":"+1 (814) 450-3531", "address":"905 Aberdeen Street, Dexter, North Carolina, 1885", "about":"Fugiat non in enim Lorem quis dolor irure magna incididunt. Laborum eu veniam fugiat elit ullamco cillum eiusmod ullamco adipisicing. Amet exercitation amet irure voluptate cupidatat veniam laborum dolor culpa.\r\n", "features":["Irack", "Futuris", "Skinserve"], "industry":"Eweville", "postalCode":85740, "registered":"2014-04-14T06:37:05 +07:00"}, "geometry":{"type":"Point", "coordinates":[176.6772, -73.9407]}}