{"type":"Feature", "properties":{"_id":"5792454f9de94561cfefaae5", "age":22, "eyeColor":"brown", "name":"Agnes Medina", "gender":"female", "company":"ICOLOGY", "email":"agnesmedina@icology.com", "phone":"+1 (950) 466-2813", "address":"655 River Street, Soudan, Federated States Of Micronesia, 1018", "about":"Mollit voluptate ex ex magna incididunt pariatur commodo Lorem consectetur deserunt esse fugiat ullamco nostrud. Consequat nisi sint elit aliquip incididunt sit veniam enim consequat commodo et fugiat nostrud Lorem. Pariatur magna ut irure reprehenderit officia sint elit qui. Occaecat aliquip est irure non sit aute. Nostrud nulla eiusmod proident commodo aliquip quis incididunt sunt tempor elit et.\r\n", "features":["Pholio"], "industry":"Strozen", "postalCode":91045, "registered":"2014-09-20T05:15:23 +07:00"}, "geometry":{"type":"Point", "coordinates":[1.0903, -19.2739]}}