{"type":"Feature", "properties":{"_id":"5792454fc647869c64090bab", "age":29, "eyeColor":"blue", "name":"Burnett Valentine", "gender":"male", "company":"SOLGAN", "email":"burnettvalentine@solgan.com", "phone":"+1 (824) 547-2780", "address":"334 Bergen Avenue, Alden, South Dakota, 9071", "about":"Irure sint nisi labore ea aliquip velit eu enim. Quis laboris et dolore eu magna voluptate occaecat. Fugiat occaecat do amet id et. Ut Lorem commodo deserunt ipsum anim proident duis culpa deserunt sit laborum sint. Dolor esse Lorem nulla consequat anim. Enim anim sit est commodo. Non cupidatat officia consectetur fugiat culpa culpa ullamco quis eu.\r\n", "features":[], "industry":"Moreganic", "postalCode":90343, "registered":"2015-12-21T02:22:25 +08:00"}, "geometry":{"type":"Point", "coordinates":[103.427, 63.3233]}}