{"type":"Feature", "properties":{"_id":"5792454f5da85a3c32c9cb09", "age":32, "eyeColor":"blue", "name":"Carver Langley", "gender":"male", "company":"ZIDOX", "email":"carverlangley@zidox.com", "phone":"+1 (851) 598-2692", "address":"228 Kathleen Court, Evergreen, Palau, 3540", "about":"Sint excepteur anim laboris voluptate ut ad ad minim magna irure deserunt pariatur. Ipsum mollit consequat est aliqua laboris sunt laboris consequat commodo do. Culpa Lorem exercitation Lorem fugiat enim aliquip mollit nulla id mollit aute consequat veniam. Eu dolor anim eu eiusmod in adipisicing mollit mollit mollit sint tempor. Aliqua consectetur aliqua quis cillum non sunt. Et qui occaecat consectetur aute occaecat sit pariatur enim enim aliqua laboris ut.\r\n", "features":["Gadtron", "Orboid"], "industry":"Yurture", "postalCode":88648, "registered":"2016-04-23T06:18:57 +07:00"}, "geometry":{"type":"Point", "coordinates":[117.6838, 21.2735]}}