{"type":"Feature", "properties":{"_id":"5792454f5deffb21663fc236", "age":35, "eyeColor":"green", "name":"Katharine Burke", "gender":"female", "company":"TRASOLA", "email":"katharineburke@trasola.com", "phone":"+1 (926) 596-2473", "address":"698 Campus Place, Nipinnawasee, Maine, 7988", "about":"Culpa do aliquip consectetur aliqua laborum enim fugiat tempor consequat ea. Labore enim sunt commodo duis proident eiusmod sunt fugiat esse sint magna culpa labore cillum. Cupidatat amet in ut esse ullamco sunt tempor est et. Mollit aliqua nulla laborum qui aute nulla in Lorem mollit.\r\n", "features":["Zentime", "Portico", "Stralum", "Isbol"], "industry":"Quility", "postalCode":86056, "registered":"2014-07-24T01:36:56 +07:00"}, "geometry":{"type":"Point", "coordinates":[-171.3743, -5.6982]}}