{"type":"Feature", "properties":{"_id":"5792454fef22f9200f0a379a", "age":27, "eyeColor":"green", "name":"Susana Newman", "gender":"female", "company":"SKYBOLD", "email":"susananewman@skybold.com", "phone":"+1 (826) 443-2280", "address":"563 Rugby Road, Windsor, West Virginia, 6617", "about":"Esse do ut ex quis cupidatat excepteur sit adipisicing dolore sint. Proident dolore qui elit cupidatat anim incididunt non ex veniam dolore magna magna aute aliquip. Qui culpa magna qui sunt sunt consequat aliquip occaecat ut. Consequat irure occaecat occaecat duis tempor aute aliquip labore elit consequat dolor in. Laboris aliquip ullamco velit pariatur.\r\n", "features":["Unia"], "industry":"Xerex", "postalCode":88540, "registered":"2014-07-16T04:03:48 +07:00"}, "geometry":{"type":"Point", "coordinates":[16.2416, -20.9077]}}