{"type":"Feature", "properties":{"_id":"5792454fa744093dad87dce8", "age":37, "eyeColor":"blue", "name":"Marquez Joyce", "gender":"male", "company":"KAGE", "email":"marquezjoyce@kage.com", "phone":"+1 (815) 578-2162", "address":"426 Hart Place, Faxon, Guam, 9261", "about":"Voluptate anim mollit sint velit cupidatat occaecat excepteur do aliqua ex laboris laborum. Consectetur veniam pariatur proident dolor veniam Lorem. Excepteur ad fugiat excepteur amet elit sint voluptate aliquip veniam ea quis cillum cillum excepteur. Minim exercitation cillum deserunt reprehenderit.\r\n", "features":["Conferia", "Keengen", "Zillatide"], "industry":"Lyrichord", "postalCode":91358, "registered":"2014-08-11T11:01:07 +07:00"}, "geometry":{"type":"Point", "coordinates":[-47.943, 45.2074]}}