{"type":"Feature", "properties":{"_id":"5792454f88a77371ce13fd92", "age":28, "eyeColor":"brown", "name":"Sheryl Giles", "gender":"female", "company":"HATOLOGY", "email":"sherylgiles@hatology.com", "phone":"+1 (952) 466-2855", "address":"718 Union Street, Ryderwood, Oregon, 5103", "about":"Sunt occaecat enim non in labore aliquip laboris ut duis. Mollit dolore Lorem esse eiusmod occaecat magna voluptate. Occaecat dolor veniam ullamco veniam eiusmod anim veniam consequat et nisi est. Laborum adipisicing minim consequat irure ut laboris labore enim consectetur. Veniam est dolor qui culpa est.\r\n", "features":[], "industry":"Microluxe", "postalCode":95442, "registered":"2014-06-27T12:31:53 +07:00"}, "geometry":{"type":"Point", "coordinates":[129.8371, -63.4473]}}