{"type":"Feature", "properties":{"_id":"5792454f668199afd6782a3d", "age":28, "eyeColor":"brown", "name":"Jensen Campbell", "gender":"male", "company":"SCENTRIC", "email":"jensencampbell@scentric.com", "phone":"+1 (893) 466-2173", "address":"855 Rochester Avenue, Martell, Louisiana, 4723", "about":"Est aliquip id ullamco sit ipsum aute ex ut labore est voluptate ullamco exercitation amet. Id enim nisi ipsum irure proident labore cillum id voluptate est et fugiat elit do. Velit nisi esse ullamco aliqua adipisicing labore voluptate aliquip officia do qui mollit. Ullamco laborum adipisicing eu aliquip aliqua fugiat duis in et quis aute velit dolore. Consectetur commodo qui et consequat cillum eu eu magna tempor.\r\n", "features":["Prowaste"], "industry":"Duflex", "postalCode":82856, "registered":"2015-01-06T11:39:45 +08:00"}, "geometry":{"type":"Point", "coordinates":[-130.0156, -68.2908]}}