{"type":"Feature", "properties":{"_id":"5792454f5313faccc85bd47f", "age":28, "eyeColor":"green", "name":"Leigh Lindsay", "gender":"female", "company":"STELAECOR", "email":"leighlindsay@stelaecor.com", "phone":"+1 (834) 594-3142", "address":"613 Schenck Place, Buxton, New York, 1000", "about":"Cillum consequat voluptate exercitation non non esse eu in ea anim. Nisi culpa in officia quis ullamco. Eu consectetur do consequat cillum sit tempor ullamco sunt cupidatat veniam. Ea aute velit laboris anim in deserunt exercitation irure dolore culpa.\r\n", "features":["Cosmosis"], "industry":"Gogol", "postalCode":85350, "registered":"2014-09-10T12:23:42 +07:00"}, "geometry":{"type":"Point", "coordinates":[-82.1732, -87.1087]}}