{"type":"Feature", "properties":{"_id":"5792454fb986c39df2b010f7", "age":32, "eyeColor":"brown", "name":"Graham Estes", "gender":"male", "company":"POWERNET", "email":"grahamestes@powernet.com", "phone":"+1 (842) 585-2532", "address":"645 Beayer Place, Sanborn, Indiana, 6012", "about":"Aute laborum ea dolore mollit. Aute proident sit voluptate ea culpa amet deserunt magna ullamco. Mollit non adipisicing Lorem ipsum Lorem quis incididunt aliqua ex. In irure minim ut ea commodo reprehenderit in nisi nisi.\r\n", "features":["Unq"], "industry":"Urbanshee", "postalCode":90945, "registered":"2014-12-20T06:24:16 +08:00"}, "geometry":{"type":"Point", "coordinates":[64.5889, 53.3584]}}