{"type":"Feature", "properties":{"_id":"5792454f18fc956287b80e3c", "age":38, "eyeColor":"brown", "name":"Schroeder Mcguire", "gender":"male", "company":"ATOMICA", "email":"schroedermcguire@atomica.com", "phone":"+1 (915) 598-2317", "address":"476 Empire Boulevard, Vandiver, Connecticut, 2655", "about":"In officia ullamco excepteur et proident. Sint nulla duis duis irure ad quis deserunt excepteur fugiat consequat aute do officia. Esse anim nostrud aliqua elit veniam labore quis veniam Lorem sint nisi. Id amet nisi dolore mollit nisi do eiusmod excepteur nulla aliqua. Minim excepteur exercitation mollit anim enim. Ut pariatur consequat ullamco exercitation cupidatat pariatur exercitation excepteur sunt qui quis adipisicing sunt ea. Pariatur velit labore mollit incididunt tempor.\r\n", "features":[], "industry":"Pasturia", "postalCode":98948, "registered":"2015-02-07T12:10:43 +08:00"}, "geometry":{"type":"Point", "coordinates":[14.4585, 1.649]}}