{"type":"Feature", "properties":{"_id":"5792454f2246b065feae05a3", "age":23, "eyeColor":"blue", "name":"Lucinda Delacruz", "gender":"female", "company":"DIGIAL", "email":"lucindadelacruz@digial.com", "phone":"+1 (984) 477-3882", "address":"507 Hawthorne Street, Day, Delaware, 5323", "about":"Ad ex veniam qui veniam consectetur Lorem non. Eiusmod velit magna id proident esse id laboris aliquip id sunt nisi voluptate. Id do magna ipsum ad eiusmod esse amet nisi enim sunt. Lorem ad veniam velit ut aliquip irure.\r\n", "features":["Zounds", "Voipa", "Verbus"], "industry":"Zipak", "postalCode":81448, "registered":"2015-04-07T11:14:33 +07:00"}, "geometry":{"type":"Point", "coordinates":[-122.0261, 77.1658]}}