{"type":"Feature", "properties":{"_id":"5792454f34428e1d79818a05", "age":38, "eyeColor":"blue", "name":"Olga Salas", "gender":"female", "company":"CONFRENZY", "email":"olgasalas@confrenzy.com", "phone":"+1 (857) 458-3820", "address":"217 Decatur Street, Brady, South Dakota, 7464", "about":"Eiusmod excepteur ullamco veniam culpa dolore et. Commodo nostrud amet minim ad ipsum. Proident in mollit in consequat aliquip aliqua sunt nisi. Adipisicing veniam qui aute laborum laborum ea magna mollit enim proident velit id occaecat do. Labore ipsum dolore laboris id non elit anim qui. Nostrud in officia do elit consectetur aute esse magna et esse nostrud aliquip est. Nostrud ipsum ullamco laboris deserunt adipisicing sit amet.\r\n", "features":["Vertide", "Kengen", "Biohab"], "industry":"Bleendot", "postalCode":95850, "registered":"2014-05-31T10:22:11 +07:00"}, "geometry":{"type":"Point", "coordinates":[138.5972, 8.185]}}