{"type":"Feature", "properties":{"_id":"5792454f6bc26b28af4d0763", "age":20, "eyeColor":"brown", "name":"Carlene Watkins", "gender":"female", "company":"UNISURE", "email":"carlenewatkins@unisure.com", "phone":"+1 (966) 455-3603", "address":"376 Milford Street, Vienna, Nebraska, 6515", "about":"Fugiat deserunt sunt culpa tempor amet anim qui ea pariatur ullamco esse. Aute pariatur officia sunt incididunt commodo proident dolore. Nostrud ea mollit proident labore. Duis exercitation eiusmod ea est amet cupidatat quis anim minim cupidatat pariatur irure tempor. Ad enim esse aliqua sint dolor. Lorem exercitation non reprehenderit et non. Aliquip tempor elit qui ad mollit dolor ipsum non sit voluptate nulla qui laborum.\r\n", "features":[], "industry":"Quantalia", "postalCode":93058, "registered":"2015-10-31T08:37:10 +07:00"}, "geometry":{"type":"Point", "coordinates":[31.9064, 70.6008]}}