{"type":"Feature", "properties":{"_id":"5792454f45eed89e3cef866b", "age":26, "eyeColor":"brown", "name":"Ruby Drake", "gender":"female", "company":"MAGNAFONE", "email":"rubydrake@magnafone.com", "phone":"+1 (814) 550-2426", "address":"591 Orange Street, Farmers, Alaska, 4865", "about":"Labore nisi nostrud exercitation deserunt culpa Lorem ex amet occaecat dolor veniam est. Mollit anim irure est ea occaecat dolore sint exercitation sint. Pariatur cupidatat ea eiusmod consequat non culpa dolor. Aliqua ea dolore dolore enim proident dolore ad est fugiat ipsum ea officia qui. Fugiat labore dolor elit laborum nulla. Quis aliquip ullamco amet pariatur cupidatat pariatur sint laborum et incididunt exercitation ipsum. Minim aliqua occaecat cillum ex sint enim occaecat duis ad.\r\n", "features":[], "industry":"Imageflow", "postalCode":84057, "registered":"2015-04-06T02:39:29 +07:00"}, "geometry":{"type":"Point", "coordinates":[-175.5647, -16.1795]}}