{"type":"Feature", "properties":{"_id":"5792454fee48c1f134d7fb35", "age":30, "eyeColor":"blue", "name":"Hattie Oliver", "gender":"female", "company":"ASSITIA", "email":"hattieoliver@assitia.com", "phone":"+1 (938) 527-3947", "address":"662 Pershing Loop, Bordelonville, Virginia, 8652", "about":"Commodo magna proident amet in est elit id id mollit. Do enim aute ea non pariatur. Pariatur aliqua est anim culpa labore consectetur cillum aute aliquip veniam.\r\n", "features":["Musanpoly", "Decratex"], "industry":"Xoggle", "postalCode":86247, "registered":"2015-07-04T11:03:06 +07:00"}, "geometry":{"type":"Point", "coordinates":[-15.4506, 49.2763]}}