{"type":"Feature", "properties":{"_id":"5792454fe1d14797b5490a02", "age":21, "eyeColor":"green", "name":"Dale Norton", "gender":"female", "company":"TALKALOT", "email":"dalenorton@talkalot.com", "phone":"+1 (962) 594-2344", "address":"381 Eastern Parkway, Wauhillau, New Jersey, 4242", "about":"Id exercitation Lorem irure fugiat voluptate officia laborum duis consectetur deserunt. Nulla tempor officia velit occaecat reprehenderit dolor esse. Non est ullamco laborum aliquip dolor consequat laboris magna veniam. Qui aliqua ut mollit dolor. Amet aute labore duis ad culpa Lorem consectetur eu proident. Nisi qui culpa amet aute excepteur aliquip dolor laborum consequat.\r\n", "features":["Endipine", "Bolax", "Joviold", "Fortean"], "industry":"Papricut", "postalCode":95259, "registered":"2015-11-25T07:47:47 +08:00"}, "geometry":{"type":"Point", "coordinates":[-104.1994, -77.237]}}