{"type":"Feature", "properties":{"_id":"5792454fe8a187a76e65ae3e", "age":22, "eyeColor":"green", "name":"Jordan Richardson", "gender":"male", "company":"FISHLAND", "email":"jordanrichardson@fishland.com", "phone":"+1 (871) 479-2092", "address":"842 Crystal Street, Starks, Mississippi, 2196", "about":"Anim duis excepteur voluptate cillum sunt pariatur incididunt in nisi commodo ipsum. Ut dolore magna esse consectetur duis ut consequat. Culpa non laboris elit exercitation non velit sunt incididunt esse Lorem. Voluptate ullamco magna incididunt tempor id quis do exercitation et amet magna nostrud. Elit voluptate eu enim proident ipsum. Cillum amet qui culpa elit et sit non in anim ex mollit deserunt amet ullamco. Cillum quis culpa duis pariatur dolore aute aliquip magna veniam laborum.\r\n", "features":[], "industry":"Futurize", "postalCode":88444, "registered":"2014-08-09T02:12:09 +07:00"}, "geometry":{"type":"Point", "coordinates":[-65.1293, 12.4464]}}