{"type":"Feature", "properties":{"_id":"5792454f3465bfba8871cafa", "age":32, "eyeColor":"brown", "name":"Lynn Bray", "gender":"male", "company":"INTERFIND", "email":"lynnbray@interfind.com", "phone":"+1 (819) 467-3549", "address":"692 Pine Street, Williams, Michigan, 3754", "about":"Deserunt sit ut aute est eu ipsum dolor do deserunt. Commodo ullamco commodo proident nulla anim sit exercitation pariatur sint reprehenderit non eu. Ipsum aute ea aliquip sunt. Magna ullamco duis sunt ut nulla nostrud voluptate nostrud consectetur.\r\n", "features":[], "industry":"Kaggle", "postalCode":87143, "registered":"2015-10-14T12:22:59 +07:00"}, "geometry":{"type":"Point", "coordinates":[-54.9358, 42.4486]}}