{"type":"Feature", "properties":{"_id":"5792454f016a6087ca360616", "age":24, "eyeColor":"brown", "name":"Clara Daugherty", "gender":"female", "company":"PERKLE", "email":"claradaugherty@perkle.com", "phone":"+1 (989) 489-2003", "address":"183 Crooke Avenue, Staples, Ohio, 8785", "about":"Consectetur fugiat amet tempor id amet et nulla ad sint laboris mollit. Consequat laboris ullamco ad quis. Nostrud culpa ipsum adipisicing laboris velit do labore aute voluptate et.\r\n", "features":["Jasper", "Flotonic"], "industry":"Enaut", "postalCode":97941, "registered":"2015-05-08T12:08:05 +07:00"}, "geometry":{"type":"Point", "coordinates":[-169.3311, -38.0142]}}