{"type":"Feature", "properties":{"_id":"5792454f97d0d02b0be04b11", "age":35, "eyeColor":"blue", "name":"Morrison Crosby", "gender":"male", "company":"ZYPLE", "email":"morrisoncrosby@zyple.com", "phone":"+1 (800) 411-3236", "address":"255 Wortman Avenue, Cumminsville, Vermont, 4671", "about":"Voluptate ex do aliqua ipsum laboris anim ex. Nostrud consequat sint do sit incididunt eiusmod mollit qui. Amet reprehenderit ipsum sint velit. Eiusmod irure pariatur ad eiusmod proident esse consectetur sit irure excepteur. Eiusmod veniam elit aliquip laborum ex amet consectetur nisi est excepteur aute.\r\n", "features":[], "industry":"Capscreen", "postalCode":98350, "registered":"2014-07-25T01:27:04 +07:00"}, "geometry":{"type":"Point", "coordinates":[-75.165, -42.7941]}}