{"type":"Feature", "properties":{"_id":"5792454fcc50bfaa87b23478", "age":40, "eyeColor":"brown", "name":"Petty Rich", "gender":"male", "company":"SULTRAXIN", "email":"pettyrich@sultraxin.com", "phone":"+1 (820) 486-2744", "address":"174 Indiana Place, Marshall, Pennsylvania, 5540", "about":"Esse incididunt ipsum minim ad nostrud aliqua sunt. Velit eu nulla nisi sit amet incididunt commodo enim officia aliqua consectetur exercitation. Pariatur dolor nulla excepteur et elit sit incididunt irure ex sit do dolore. Officia commodo incididunt est voluptate anim enim excepteur est.\r\n", "features":["Comvene", "Primordia"], "industry":"Coash", "postalCode":87651, "registered":"2015-10-02T01:21:15 +07:00"}, "geometry":{"type":"Point", "coordinates":[21.6872, 65.6881]}}