{"type":"Feature", "properties":{"_id":"5792454f5e55108f315f4e88", "age":25, "eyeColor":"blue", "name":"Summer Talley", "gender":"female", "company":"TSUNAMIA", "email":"summertalley@tsunamia.com", "phone":"+1 (953) 524-3480", "address":"752 Seigel Court, Brooktrails, Utah, 4047", "about":"Exercitation laboris tempor quis ipsum consectetur aute sint velit esse magna aute minim in. Labore ex et nisi do tempor deserunt non minim id Lorem. Deserunt minim consectetur consectetur ex qui consequat tempor ullamco nisi in ullamco veniam. Incididunt nisi pariatur ex duis laborum sint duis fugiat adipisicing aliqua et anim ad. Aute enim esse enim cupidatat mollit amet irure culpa quis.\r\n", "features":["Nitracyr", "Shopabout"], "industry":"Lotron", "postalCode":91055, "registered":"2014-11-25T05:42:17 +08:00"}, "geometry":{"type":"Point", "coordinates":[47.6804, 21.5299]}}