{"type":"Feature", "properties":{"_id":"5792454f63b3d7b2c782fde0", "age":27, "eyeColor":"blue", "name":"Buckley Vaughn", "gender":"male", "company":"RONBERT", "email":"buckleyvaughn@ronbert.com", "phone":"+1 (926) 421-3578", "address":"120 Vernon Avenue, Courtland, Minnesota, 2718", "about":"Ullamco mollit minim sint reprehenderit proident. Sint ullamco excepteur ex ea Lorem deserunt ullamco. Culpa eu pariatur irure excepteur sint dolore consequat aliqua amet excepteur duis dolore ex. Ullamco ullamco nulla quis enim mollit.\r\n", "features":["Exostream", "Aeora"], "industry":"Softmicro", "postalCode":81458, "registered":"2015-03-09T06:24:11 +07:00"}, "geometry":{"type":"Point", "coordinates":[128.7732, -14.4811]}}