{"type":"Feature", "properties":{"_id":"5792454f0dd0ee2b44a582e2", "age":20, "eyeColor":"green", "name":"Knowles Tillman", "gender":"male", "company":"AUSTEX", "email":"knowlestillman@austex.com", "phone":"+1 (811) 456-2505", "address":"218 Minna Street, Kohatk, District Of Columbia, 8198", "about":"Mollit irure esse proident laborum minim et proident irure aliquip dolor ut ipsum nulla occaecat. Proident pariatur veniam consequat labore laboris commodo ad. Duis irure incididunt sunt sint ut ad excepteur ex incididunt irure mollit dolor non anim. In pariatur ea consectetur velit esse ad consectetur dolor. Commodo ex labore pariatur deserunt. Adipisicing labore dolor fugiat reprehenderit consectetur cillum ad veniam dolore ex ex voluptate. Magna ex minim minim dolor id laborum laborum nisi reprehenderit ullamco.\r\n", "features":["Premiant"], "industry":"Portica", "postalCode":96441, "registered":"2015-10-02T03:02:16 +07:00"}, "geometry":{"type":"Point", "coordinates":[-51.5748, -64.322]}}