{"type":"Feature", "properties":{"_id":"5792454f18de870ecc49def2", "age":25, "eyeColor":"green", "name":"Doreen Blake", "gender":"female", "company":"ENERVATE", "email":"doreenblake@enervate.com", "phone":"+1 (844) 495-3347", "address":"318 Franklin Street, Nelson, Rhode Island, 3497", "about":"Consectetur nisi pariatur laborum nisi. Elit duis esse Lorem aliqua irure eiusmod voluptate. Sint consectetur fugiat proident ut.\r\n", "features":["Neocent"], "industry":"Providco", "postalCode":93358, "registered":"2016-05-30T10:05:06 +07:00"}, "geometry":{"type":"Point", "coordinates":[172.1464, 42.4138]}}