{"type":"Feature", "properties":{"_id":"5792454f63ffbebb6fd2a685", "age":27, "eyeColor":"brown", "name":"Guerrero Nieves", "gender":"male", "company":"TELEPARK", "email":"guerreronieves@telepark.com", "phone":"+1 (977) 455-2878", "address":"873 Clinton Street, Veyo, Delaware, 6669", "about":"Officia fugiat laborum tempor elit occaecat esse deserunt laboris magna aliquip in nisi cillum ut. Cupidatat id ex pariatur adipisicing nulla. Ut ipsum eiusmod enim ea occaecat in occaecat amet tempor ipsum. Excepteur incididunt aute nostrud proident laborum irure voluptate voluptate ipsum consequat ullamco exercitation.\r\n", "features":["Earthmark"], "industry":"Syntac", "postalCode":81345, "registered":"2014-07-08T05:34:28 +07:00"}, "geometry":{"type":"Point", "coordinates":[-51.1165, -65.8018]}}