{"type":"Feature", "properties":{"_id":"5792454f6d63a172b97cfa16", "age":35, "eyeColor":"blue", "name":"Lesley Wise", "gender":"female", "company":"EVENTAGE", "email":"lesleywise@eventage.com", "phone":"+1 (890) 414-3704", "address":"855 Montgomery Street, Ivanhoe, Palau, 1449", "about":"Sint velit minim aliqua nulla. Excepteur dolor occaecat consectetur excepteur. Aliquip anim officia consectetur et amet esse officia officia elit laboris sit. Laborum pariatur ut occaecat proident pariatur officia ut fugiat elit pariatur Lorem. Aliqua eiusmod do magna qui ad incididunt labore eu eu exercitation ut irure elit.\r\n", "features":["Elpro"], "industry":"Magmina", "postalCode":98843, "registered":"2015-06-15T01:16:46 +07:00"}, "geometry":{"type":"Point", "coordinates":[23.1154, 9.4438]}}