{"type":"Feature", "properties":{"_id":"5792454f03bb0450488637ae", "age":21, "eyeColor":"green", "name":"Ryan Reese", "gender":"male", "company":"PHOTOBIN", "email":"ryanreese@photobin.com", "phone":"+1 (910) 402-2073", "address":"520 Ross Street, Bergoo, Northern Mariana Islands, 2474", "about":"Lorem in quis aute commodo quis. Nisi ullamco adipisicing sunt culpa qui amet officia occaecat est tempor elit incididunt ut. Id reprehenderit eiusmod adipisicing ipsum eu sit adipisicing reprehenderit. Sunt officia et amet est.\r\n", "features":["Bedder", "Zuvy"], "industry":"Extro", "postalCode":96157, "registered":"2014-06-15T10:16:17 +07:00"}, "geometry":{"type":"Point", "coordinates":[-54.9101, -42.4419]}}