{"type":"Feature", "properties":{"_id":"5792454f059c1dde8f4cb9bb", "age":29, "eyeColor":"blue", "name":"Louella Gilmore", "gender":"female", "company":"HOMELUX", "email":"louellagilmore@homelux.com", "phone":"+1 (831) 506-3980", "address":"437 Turnbull Avenue, Sanders, Nevada, 8735", "about":"Velit nisi adipisicing officia cupidatat eiusmod. Nostrud sit nisi quis dolor anim dolor. Mollit voluptate commodo adipisicing consectetur laborum labore ipsum duis eu. Nulla incididunt ea consequat voluptate. Ea dolore consequat sunt officia laboris.\r\n", "features":["Rodemco"], "industry":"Gonkle", "postalCode":85155, "registered":"2014-01-25T05:30:21 +08:00"}, "geometry":{"type":"Point", "coordinates":[75.503, -89.3678]}}