{"type":"Feature", "properties":{"_id":"5792454f1bae00a3a577e9b9", "age":27, "eyeColor":"brown", "name":"Fern Humphrey", "gender":"female", "company":"GINKLE", "email":"fernhumphrey@ginkle.com", "phone":"+1 (816) 439-2387", "address":"896 Clymer Street, Rossmore, Montana, 4709", "about":"Nisi aliqua deserunt labore commodo. Qui laboris qui non Lorem in ullamco nostrud. Nulla proident in et non exercitation.\r\n", "features":[], "industry":"Imant", "postalCode":80141, "registered":"2015-07-15T07:20:08 +07:00"}, "geometry":{"type":"Point", "coordinates":[117.2638, 26.9635]}}