{"type":"Feature", "properties":{"_id":"5792454f736dc95d9cb97b66", "age":23, "eyeColor":"green", "name":"Key Lucas", "gender":"male", "company":"GEEKULAR", "email":"keylucas@geekular.com", "phone":"+1 (894) 556-2649", "address":"299 Lloyd Court, Hendersonville, Michigan, 8780", "about":"Aute mollit est pariatur magna est dolor Lorem duis minim irure dolore. Ex labore reprehenderit pariatur excepteur reprehenderit amet pariatur mollit esse occaecat eiusmod. Laboris enim officia aliqua duis dolor ullamco.\r\n", "features":["Cosmetex", "Glukgluk", "Panzent", "Nutralab"], "industry":"Tellifly", "postalCode":82144, "registered":"2015-03-08T08:48:08 +07:00"}, "geometry":{"type":"Point", "coordinates":[4.2846, -41.24]}}