{"type":"Feature", "properties":{"_id":"5792454f4b7cf2b6b7564341", "age":29, "eyeColor":"green", "name":"Griffith Dillon", "gender":"male", "company":"ACIUM", "email":"griffithdillon@acium.com", "phone":"+1 (834) 435-2073", "address":"322 Lott Street, Cumberland, South Dakota, 8653", "about":"Officia adipisicing occaecat nisi irure exercitation adipisicing consectetur commodo occaecat id dolore minim amet. Officia adipisicing velit aliqua qui adipisicing eu ea amet officia adipisicing enim. Ad amet consectetur non occaecat. Consectetur consectetur labore pariatur sit eiusmod sunt reprehenderit qui nisi et. Lorem labore aliqua irure commodo. Exercitation deserunt enim aliquip deserunt culpa ipsum. Excepteur excepteur labore culpa occaecat duis ex excepteur Lorem consequat esse sit deserunt qui amet.\r\n", "features":["Medalert", "Eargo", "Eplode"], "industry":"Bullzone", "postalCode":99754, "registered":"2015-11-22T07:40:45 +08:00"}, "geometry":{"type":"Point", "coordinates":[-148.5565, 78.7276]}}