{"type":"Feature", "properties":{"_id":"5792454f5a839031c6761296", "age":35, "eyeColor":"brown", "name":"Norman Bennett", "gender":"male", "company":"ZYTRAC", "email":"normanbennett@zytrac.com", "phone":"+1 (985) 410-3333", "address":"539 Seacoast Terrace, Bowmansville, South Carolina, 1919", "about":"Quis labore irure do excepteur reprehenderit. Minim et ex est magna ipsum ad. Nostrud consequat magna occaecat labore do labore dolor. Dolore qui qui quis aliquip nulla non officia nisi ipsum sint esse. Deserunt Lorem minim eu nostrud.\r\n", "features":["Freakin"], "industry":"Datagene", "postalCode":82549, "registered":"2015-11-17T02:58:04 +08:00"}, "geometry":{"type":"Point", "coordinates":[30.9284, 18.736]}}