{"type":"Feature", "properties":{"_id":"5792454f7a9c9bfac6aefb2c", "age":26, "eyeColor":"brown", "name":"Dona Cannon", "gender":"female", "company":"GEOLOGIX", "email":"donacannon@geologix.com", "phone":"+1 (997) 405-3053", "address":"451 Box Street, Martinez, Texas, 6603", "about":"Voluptate dolor sit ad Lorem culpa. Deserunt velit nulla mollit pariatur quis qui occaecat incididunt velit adipisicing. Et do minim ex amet magna voluptate sunt ea sunt dolore tempor. Laboris non velit reprehenderit in. Amet et excepteur sunt id nostrud sint consequat labore mollit cupidatat. Pariatur dolor ex magna mollit sit aliquip ad consequat laboris exercitation nostrud ut et labore.\r\n", "features":[], "industry":"Comtour", "postalCode":92851, "registered":"2015-01-19T01:29:12 +08:00"}, "geometry":{"type":"Point", "coordinates":[148.3034, -72.4985]}}