{"type":"Feature", "properties":{"_id":"5792454f60987791bb8f9e26", "age":35, "eyeColor":"blue", "name":"Velez Burris", "gender":"male", "company":"QUILM", "email":"velezburris@quilm.com", "phone":"+1 (900) 463-3382", "address":"937 Railroad Avenue, Fairacres, American Samoa, 9897", "about":"Sunt consequat pariatur commodo esse aliqua. Ex do anim et quis. Deserunt duis ea irure in aliquip officia occaecat ullamco. Voluptate ut elit anim excepteur deserunt est et sit nulla mollit reprehenderit cillum. Amet et ullamco adipisicing sunt dolor qui est ullamco laboris aliquip mollit consequat amet ut.\r\n", "features":[], "industry":"Danja", "postalCode":92548, "registered":"2016-06-22T08:57:56 +07:00"}, "geometry":{"type":"Point", "coordinates":[89.7076, 83.3456]}}