{"type":"Feature", "properties":{"_id":"5792454fed569ba2fe03c09d", "age":22, "eyeColor":"brown", "name":"Rochelle Quinn", "gender":"female", "company":"INDEXIA", "email":"rochellequinn@indexia.com", "phone":"+1 (851) 565-3810", "address":"668 Rost Place, Dellview, Hawaii, 2178", "about":"Mollit officia laboris aute aute deserunt magna duis ut consequat. Nostrud ad fugiat officia id elit consequat nisi deserunt. Voluptate mollit veniam occaecat excepteur irure esse. Cupidatat consectetur occaecat ullamco elit laboris et reprehenderit eiusmod est. Mollit nostrud consectetur exercitation magna ea. Velit quis Lorem aliqua officia dolore in ullamco. Occaecat ad amet tempor eiusmod nostrud non commodo ipsum minim.\r\n", "features":["Inquala", "Isotronic", "Zilladyne"], "industry":"Candecor", "postalCode":99256, "registered":"2014-10-11T07:18:19 +07:00"}, "geometry":{"type":"Point", "coordinates":[92.5326, 16.928]}}