{"type":"Feature", "properties":{"_id":"5792454f7db08c4840b28c90", "age":30, "eyeColor":"blue", "name":"Margaret Vinson", "gender":"female", "company":"PLAYCE", "email":"margaretvinson@playce.com", "phone":"+1 (998) 436-2291", "address":"693 Prince Street, Golconda, Missouri, 3622", "about":"Aute aliqua non do officia. Ut tempor officia laboris nostrud proident incididunt ea veniam ipsum commodo in excepteur velit nisi. Elit nostrud culpa ullamco culpa excepteur sint dolore in velit elit officia labore reprehenderit. Adipisicing laboris ea incididunt magna aliquip reprehenderit excepteur. Et esse in anim veniam aute. Eiusmod esse quis voluptate qui. Eu elit adipisicing adipisicing dolor.\r\n", "features":["Earthwax", "Inear"], "industry":"Lexicondo", "postalCode":87856, "registered":"2015-01-14T12:26:06 +08:00"}, "geometry":{"type":"Point", "coordinates":[-56.1084, -57.9047]}}