{"type":"Feature", "properties":{"_id":"5792454f7ead6c2f239375a0", "age":32, "eyeColor":"green", "name":"Genevieve Chambers", "gender":"female", "company":"EXOSPACE", "email":"genevievechambers@exospace.com", "phone":"+1 (906) 579-2763", "address":"653 Otsego Street, Hatteras, Illinois, 9920", "about":"Ut deserunt proident esse ea cupidatat aute et nisi commodo veniam nulla ad. Irure Lorem mollit sit deserunt dolor esse non elit irure. Cillum magna dolor duis consequat dolore.\r\n", "features":["Zytrek", "Franscene"], "industry":"Isosphere", "postalCode":86149, "registered":"2016-02-16T08:55:34 +08:00"}, "geometry":{"type":"Point", "coordinates":[174.8664, -40.3213]}}