{"type":"Feature", "properties":{"_id":"5792454fe158613eb4371fc9", "age":32, "eyeColor":"green", "name":"Steele Stephenson", "gender":"male", "company":"LOVEPAD", "email":"steelestephenson@lovepad.com", "phone":"+1 (928) 592-2770", "address":"438 Belmont Avenue, Fontanelle, Maryland, 171", "about":"Non id id irure eu nostrud ullamco pariatur magna minim et do magna. Sunt commodo duis nulla mollit sint consequat sunt qui et. Labore mollit est officia tempor anim minim irure. Amet voluptate adipisicing cillum labore. Consectetur pariatur proident magna quis cillum dolore nostrud eiusmod reprehenderit occaecat sint incididunt nostrud sunt. Est magna id eu amet qui id commodo. Nisi labore consequat sint laboris.\r\n", "features":["Kongle", "Furnitech"], "industry":"Geekko", "postalCode":87047, "registered":"2014-04-13T05:09:55 +07:00"}, "geometry":{"type":"Point", "coordinates":[5.7654, 11.7017]}}