{"type":"Feature", "properties":{"_id":"5792454fc0926674f806fa82", "age":31, "eyeColor":"blue", "name":"Kaye Battle", "gender":"female", "company":"EXOVENT", "email":"kayebattle@exovent.com", "phone":"+1 (903) 486-3156", "address":"144 Tillary Street, Belgreen, Puerto Rico, 5039", "about":"Nisi deserunt aute est deserunt minim pariatur. Ex minim laborum adipisicing exercitation et elit aliquip ipsum exercitation et ullamco magna ad. Quis laborum duis sunt consequat nostrud consequat laborum deserunt laboris eiusmod mollit adipisicing exercitation. Commodo ad qui enim culpa. Voluptate pariatur fugiat aliquip dolor aliquip pariatur esse aliquip voluptate occaecat sunt sint. Magna id culpa ipsum duis commodo incididunt quis non aliqua eu ea sit aliquip proident.\r\n", "features":["Biospan", "Geekosis", "Gink"], "industry":"Concility", "postalCode":98657, "registered":"2016-03-14T08:57:15 +07:00"}, "geometry":{"type":"Point", "coordinates":[-23.9703, 61.9448]}}