{"type":"Feature", "properties":{"_id":"5792454ffd0752ee9ae1640d", "age":35, "eyeColor":"green", "name":"Reba Santos", "gender":"female", "company":"MEDESIGN", "email":"rebasantos@medesign.com", "phone":"+1 (808) 408-2930", "address":"181 Perry Terrace, Lumberton, Arizona, 6595", "about":"Pariatur ullamco nostrud excepteur quis. Dolor labore ullamco eiusmod ullamco minim enim aliqua consectetur ut culpa excepteur. Ea quis est pariatur nisi deserunt dolore do consectetur sint culpa ipsum aliqua nostrud elit. Amet eiusmod incididunt qui cillum tempor elit magna ut pariatur esse dolor adipisicing enim reprehenderit. Adipisicing voluptate incididunt enim aliquip id consectetur sunt quis ut velit. Nisi velit nostrud ea occaecat aliquip consectetur sint aliquip ea cillum enim mollit veniam sit. Pariatur Lorem aliqua elit ex cillum elit occaecat.\r\n", "features":[], "industry":"Insurity", "postalCode":99752, "registered":"2015-06-08T07:47:07 +07:00"}, "geometry":{"type":"Point", "coordinates":[121.7667, 89.5082]}}