{"type":"Feature", "properties":{"_id":"5792454fb6cf8780877e9b87", "age":25, "eyeColor":"blue", "name":"Solomon Sosa", "gender":"male", "company":"EGYPTO", "email":"solomonsosa@egypto.com", "phone":"+1 (956) 464-2353", "address":"817 Crescent Street, Chumuckla, Virgin Islands, 6372", "about":"Tempor ex ad tempor incididunt do labore dolor nostrud adipisicing sit et. Est culpa adipisicing amet excepteur deserunt cillum fugiat sunt est labore officia et dolor Lorem. Nostrud ea id dolore ea. Pariatur in irure aliquip aliquip deserunt duis tempor anim id amet do ad eu.\r\n", "features":["Snowpoke"], "industry":"Daisu", "postalCode":83648, "registered":"2015-09-16T01:28:49 +07:00"}, "geometry":{"type":"Point", "coordinates":[-39.0796, 67.5672]}}