{"type":"Feature", "properties":{"_id":"5792454f951cbd182ce55540", "age":28, "eyeColor":"brown", "name":"Tonia Singleton", "gender":"female", "company":"AFFLUEX", "email":"toniasingleton@affluex.com", "phone":"+1 (976) 474-3780", "address":"653 Macon Street, Rushford, Florida, 9443", "about":"Aliqua ut elit occaecat ipsum labore ullamco nulla dolor. Exercitation enim commodo deserunt ea quis sint culpa aute ex sit proident. Esse qui aute sint non sit cupidatat consequat minim. Dolore irure quis enim amet ad sint sint irure. Sunt qui anim dolor Lorem do. Excepteur mollit ut aliqua velit est Lorem. Et dolore minim ipsum ex voluptate enim ex ipsum in non magna est culpa consectetur.\r\n", "features":["Terrago", "Visalia"], "industry":"Techtrix", "postalCode":98857, "registered":"2015-07-07T02:34:25 +07:00"}, "geometry":{"type":"Point", "coordinates":[42.6974, 68.5873]}}