{"type":"Feature", "properties":{"_id":"5792454f15f552e3afbcde4b", "age":29, "eyeColor":"blue", "name":"Terry Callahan", "gender":"male", "company":"PYRAMIA", "email":"terrycallahan@pyramia.com", "phone":"+1 (975) 528-3267", "address":"741 Lawton Street, Oley, Oklahoma, 8054", "about":"Incididunt id cupidatat quis quis pariatur tempor nisi occaecat. Lorem mollit non ipsum velit aute in dolor adipisicing. Irure minim adipisicing consectetur mollit magna non pariatur sunt fugiat. Ex ullamco velit exercitation ad. Tempor excepteur enim labore reprehenderit ut mollit est mollit ipsum laborum laborum sit. Dolor qui consequat est sunt do duis. In consequat fugiat fugiat deserunt commodo aliquip do fugiat Lorem reprehenderit duis aliquip proident Lorem.\r\n", "features":[], "industry":"Stucco", "postalCode":80355, "registered":"2014-11-03T09:15:18 +08:00"}, "geometry":{"type":"Point", "coordinates":[-92.4338, 57.7771]}}