{"type":"Feature", "properties":{"_id":"5792454f7c4badeb424f2c9d", "age":20, "eyeColor":"green", "name":"Jill Wiley", "gender":"female", "company":"PROXSOFT", "email":"jillwiley@proxsoft.com", "phone":"+1 (992) 525-3522", "address":"136 Division Avenue, Interlochen, Indiana, 4779", "about":"Non tempor veniam irure voluptate exercitation magna in consequat amet. Nostrud labore id mollit magna. Occaecat esse incididunt ut duis sit ipsum ullamco laboris. Incididunt minim pariatur commodo magna eiusmod minim consequat laborum nostrud commodo dolore ipsum Lorem ea.\r\n", "features":["Bovis", "Soprano", "Cubicide", "Maximind"], "industry":"Centice", "postalCode":84142, "registered":"2014-11-09T06:14:19 +08:00"}, "geometry":{"type":"Point", "coordinates":[11.5098, 59.3643]}}