{"type":"Feature", "properties":{"_id":"5792454fad2963e0039ef219", "age":39, "eyeColor":"green", "name":"Shauna Dorsey", "gender":"female", "company":"LINGOAGE", "email":"shaunadorsey@lingoage.com", "phone":"+1 (828) 537-3353", "address":"882 Krier Place, Hackneyville, Idaho, 8427", "about":"Ipsum sit laboris mollit officia aute eu proident tempor cupidatat velit culpa deserunt. Minim ea Lorem cupidatat veniam. Sint cillum nisi deserunt qui ea laboris. Pariatur in officia ullamco voluptate sit aliqua irure aliquip voluptate laborum.\r\n", "features":["Surelogic", "Aquasure", "Aquamate"], "industry":"Zolarex", "postalCode":98350, "registered":"2014-03-06T11:36:11 +08:00"}, "geometry":{"type":"Point", "coordinates":[-47.1874, 2.7066]}}