{"type":"Feature", "properties":{"_id":"5792454f1b9652d9a4ed2bc4", "age":32, "eyeColor":"blue", "name":"Odonnell Berg", "gender":"male", "company":"ZENSOR", "email":"odonnellberg@zensor.com", "phone":"+1 (988) 543-2117", "address":"348 Broome Street, Tyro, Nevada, 1288", "about":"Ipsum deserunt eu cupidatat nostrud occaecat nisi velit veniam et nulla commodo exercitation velit. Est pariatur irure reprehenderit qui ut. Aliqua ea excepteur eiusmod elit sunt elit consequat labore tempor laborum nisi officia officia et. Et irure voluptate commodo exercitation dolore aliquip aliqua commodo voluptate aute ad ut. Et tempor et aute anim. Ex velit laboris non sint incididunt amet tempor ex aliquip excepteur ullamco eu.\r\n", "features":["Macronaut"], "industry":"Quarex", "postalCode":80354, "registered":"2014-01-25T08:06:01 +08:00"}, "geometry":{"type":"Point", "coordinates":[52.6809, -1.0285]}}