{"type":"Feature", "properties":{"_id":"5792454f55cde1c96dd22306", "age":40, "eyeColor":"blue", "name":"Lessie Kirkland", "gender":"female", "company":"DAIDO", "email":"lessiekirkland@daido.com", "phone":"+1 (825) 560-2082", "address":"331 Herkimer Street, Castleton, Massachusetts, 3184", "about":"Ullamco ad ad veniam et commodo irure aliqua. Ipsum ut nostrud duis cillum adipisicing. Sit aliqua do dolor ullamco duis incididunt officia sit commodo exercitation consequat aliqua incididunt. Dolore eiusmod occaecat dolore aliqua deserunt mollit minim et nisi officia qui tempor exercitation. Ad quis reprehenderit nisi officia sit commodo enim irure. Est elit in exercitation elit ut nostrud nulla duis ut sint incididunt sit. Quis commodo exercitation eiusmod ea Lorem incididunt incididunt adipisicing id.\r\n", "features":[], "industry":"Insuron", "postalCode":89955, "registered":"2015-12-21T11:14:18 +08:00"}, "geometry":{"type":"Point", "coordinates":[14.2035, -48.4508]}}