{"type":"Feature", "properties":{"_id":"5792454f39723673b08244c7", "age":36, "eyeColor":"brown", "name":"Wise Barton", "gender":"male", "company":"WARETEL", "email":"wisebarton@waretel.com", "phone":"+1 (927) 412-3697", "address":"513 Cortelyou Road, Nadine, Federated States Of Micronesia, 8883", "about":"Reprehenderit excepteur eiusmod in qui consequat id reprehenderit velit fugiat irure. Incididunt nisi esse pariatur et incididunt est consequat quis occaecat dolor. Excepteur ut quis eiusmod aliqua. Eiusmod qui sint ea id. Cupidatat aliqua aute amet incididunt eiusmod laborum id tempor ad do. Tempor incididunt minim ut proident reprehenderit consectetur. In aute sunt sit consequat.\r\n", "features":["Zillactic", "Eventex"], "industry":"Exospeed", "postalCode":83644, "registered":"2015-05-07T04:00:48 +07:00"}, "geometry":{"type":"Point", "coordinates":[-30.1095, -75.7937]}}