{"type":"Feature", "properties":{"_id":"5792454e5a64772761bd6aef", "age":30, "eyeColor":"green", "name":"Edna Peterson", "gender":"female", "company":"KNOWLYSIS", "email":"ednapeterson@knowlysis.com", "phone":"+1 (853) 494-2033", "address":"813 Lee Avenue, Jenkinsville, Tennessee, 7917", "about":"Enim deserunt anim qui voluptate quis amet fugiat dolore sint sint. Esse eiusmod cupidatat elit ex labore. Dolore duis eiusmod excepteur duis veniam adipisicing qui exercitation minim enim voluptate non aliqua deserunt.\r\n", "features":["Billmed", "Neptide", "Zillacom"], "industry":"Geekfarm", "postalCode":84651, "registered":"2016-03-07T01:29:17 +08:00"}, "geometry":{"type":"Point", "coordinates":[28.8041, 36.6562]}}