{"type":"Feature", "properties":{"_id":"5792454f6c7e75bee2fea95e", "age":23, "eyeColor":"green", "name":"Irene Hahn", "gender":"female", "company":"CENTREXIN", "email":"irenehahn@centrexin.com", "phone":"+1 (974) 547-3680", "address":"736 Stoddard Place, Robbins, Kansas, 8869", "about":"Qui deserunt consequat eu quis est eiusmod adipisicing nulla labore occaecat ipsum veniam. Voluptate velit dolore reprehenderit ipsum anim tempor ex culpa occaecat deserunt et voluptate. Aliquip quis aliqua duis dolore nostrud sit reprehenderit do deserunt consequat velit quis sit. Non laboris ex adipisicing duis fugiat ut esse mollit fugiat sunt irure quis officia esse. Cillum exercitation occaecat commodo do enim laborum elit id do magna eiusmod amet id. Adipisicing ullamco aliquip minim commodo dolore mollit pariatur veniam. Voluptate ea id veniam tempor ad consequat ex reprehenderit.\r\n", "features":["Dentrex", "Balooba", "Rodeocean", "Peticular"], "industry":"Translink", "postalCode":93556, "registered":"2014-10-27T12:21:14 +07:00"}, "geometry":{"type":"Point", "coordinates":[144.7547, -15.6674]}}