{"type":"Feature", "properties":{"_id":"5792454fb4a6a24a8828acc8", "age":33, "eyeColor":"blue", "name":"Barber Estrada", "gender":"male", "company":"BESTO", "email":"barberestrada@besto.com", "phone":"+1 (986) 515-2827", "address":"324 Sutter Avenue, Teasdale, Marshall Islands, 5367", "about":"Culpa laboris ad enim cillum eu commodo anim. Veniam aliquip occaecat nulla non incididunt exercitation voluptate culpa cupidatat ad aute. Culpa Lorem id non duis ipsum in laboris minim nisi incididunt adipisicing sit consectetur in. Mollit irure consectetur veniam culpa ipsum eiusmod veniam id. Proident quis consectetur non laborum id ut magna Lorem minim pariatur elit incididunt et exercitation. In cillum qui ullamco ullamco tempor adipisicing Lorem do magna culpa eu nulla. Sunt ipsum ullamco quis deserunt esse elit nostrud reprehenderit labore ad est laboris amet aliquip.\r\n", "features":["Injoy", "Zialactic", "Cytrex"], "industry":"Earthplex", "postalCode":96555, "registered":"2015-07-11T07:31:04 +07:00"}, "geometry":{"type":"Point", "coordinates":[-27.9491, -48.9347]}}