{"type":"Feature", "properties":{"_id":"5792454facab59e97d6939ad", "age":32, "eyeColor":"blue", "name":"April Downs", "gender":"female", "company":"GEEKFARM", "email":"aprildowns@geekfarm.com", "phone":"+1 (868) 417-2453", "address":"628 Applegate Court, Grayhawk, West Virginia, 7782", "about":"Culpa dolor do proident eiusmod voluptate eiusmod. Mollit magna id exercitation tempor laboris dolore qui in. Aliqua ullamco incididunt exercitation anim et officia anim. Proident nulla elit proident et amet consectetur adipisicing Lorem consectetur cillum reprehenderit fugiat ex ut.\r\n", "features":["Mediot"], "industry":"Cincyr", "postalCode":96651, "registered":"2014-12-02T10:07:48 +08:00"}, "geometry":{"type":"Point", "coordinates":[-132.2088, -16.0667]}}