{"type":"Feature", "properties":{"_id":"5792454e59b17402ac07d4a1", "age":32, "eyeColor":"brown", "name":"Gomez Woodward", "gender":"male", "company":"ZENOLUX", "email":"gomezwoodward@zenolux.com", "phone":"+1 (994) 440-2752", "address":"542 Atkins Avenue, Belmont, New York, 7872", "about":"Excepteur laboris ex do occaecat laboris esse amet. Elit aute aliqua ut minim velit minim id sit laborum nisi non voluptate dolore ex. Lorem ullamco nulla commodo aute est minim.\r\n", "features":["Krog", "Zolarity"], "industry":"Homelux", "postalCode":81741, "registered":"2015-06-05T02:35:08 +07:00"}, "geometry":{"type":"Point", "coordinates":[104.995, 56.4596]}}