{"type":"Feature", "properties":{"_id":"5792454ff1331fc8f3e421de", "age":26, "eyeColor":"green", "name":"Deirdre Miller", "gender":"female", "company":"KENEGY", "email":"deirdremiller@kenegy.com", "phone":"+1 (815) 429-2140", "address":"262 Howard Avenue, Cornfields, Oklahoma, 6924", "about":"Excepteur id veniam adipisicing velit sunt pariatur irure ea enim do fugiat fugiat occaecat. Aute mollit labore sit aliquip. Dolore enim est quis in tempor eu qui sunt et qui dolore fugiat culpa.\r\n", "features":["Hometown"], "industry":"Sentia", "postalCode":87848, "registered":"2015-09-03T01:36:05 +07:00"}, "geometry":{"type":"Point", "coordinates":[18.9566, 4.0051]}}