{"type":"Feature", "properties":{"_id":"5792454f48e4fb68f32f10f2", "age":26, "eyeColor":"blue", "name":"Carolyn Gross", "gender":"female", "company":"HOUSEDOWN", "email":"carolyngross@housedown.com", "phone":"+1 (983) 581-3727", "address":"215 Lenox Road, Newcastle, Maine, 9965", "about":"Velit officia sunt enim in occaecat duis. Duis laborum nulla est anim qui adipisicing sint duis ad aliquip incididunt tempor aute. Dolore qui cillum minim dolore dolor.\r\n", "features":[], "industry":"Proflex", "postalCode":80343, "registered":"2014-02-25T02:49:03 +08:00"}, "geometry":{"type":"Point", "coordinates":[179.4389, 32.0185]}}