{"type":"Feature", "properties":{"_id":"5792454f0fa52fcd85e5e698", "age":37, "eyeColor":"blue", "name":"Erika Day", "gender":"female", "company":"NEUROCELL", "email":"erikaday@neurocell.com", "phone":"+1 (992) 428-3853", "address":"642 Montague Street, Canterwood, Maryland, 6196", "about":"Exercitation exercitation et quis et anim commodo reprehenderit nulla duis dolore consequat fugiat mollit. Proident proident esse eiusmod mollit sunt et ullamco ullamco. Ullamco eu eiusmod anim sunt ullamco consequat tempor labore minim do ut velit. Laboris tempor nostrud eiusmod veniam aliqua. Dolor sint voluptate et eu esse elit in adipisicing incididunt officia. Officia incididunt ea id pariatur occaecat. Ullamco nulla et nostrud ipsum eu est laboris in ipsum consequat consequat officia laboris cupidatat.\r\n", "features":["Snacktion"], "industry":"Zillanet", "postalCode":91145, "registered":"2014-10-12T06:31:03 +07:00"}, "geometry":{"type":"Point", "coordinates":[-124.0488, 2.4173]}}