{"type":"Feature", "properties":{"_id":"5792454ffd0b963f8f5aa8a9", "age":23, "eyeColor":"brown", "name":"Dickson Nash", "gender":"male", "company":"MYOPIUM", "email":"dicksonnash@myopium.com", "phone":"+1 (865) 483-2919", "address":"387 Oriental Boulevard, Wintersburg, New Hampshire, 4236", "about":"Ex labore do ad cupidatat Lorem et. Reprehenderit sint ea sit proident ea proident ullamco commodo aliqua in qui magna exercitation velit. Excepteur ad eu pariatur fugiat dolor voluptate nulla occaecat irure aliqua sit. Non pariatur aliqua aute elit adipisicing proident reprehenderit aute minim reprehenderit elit Lorem nostrud nulla. Mollit ipsum deserunt voluptate dolor voluptate eu. Esse velit eu duis adipisicing non velit laboris est culpa enim nulla dolore do.\r\n", "features":["Idego", "Makingway", "Geeketron"], "industry":"Uxmox", "postalCode":83948, "registered":"2015-10-27T12:08:50 +07:00"}, "geometry":{"type":"Point", "coordinates":[68.3659, -16.984]}}