{"type":"Feature", "properties":{"_id":"5792454f6e24ecf078f80ad8", "age":31, "eyeColor":"green", "name":"Strickland Buckley", "gender":"male", "company":"GEEKMOSIS", "email":"stricklandbuckley@geekmosis.com", "phone":"+1 (891) 500-3033", "address":"198 Falmouth Street, Floris, Nevada, 4924", "about":"Duis aliquip laborum aute nostrud consequat velit. Nulla fugiat non cillum ipsum ad sint in laborum mollit dolore cillum reprehenderit aute. Nisi reprehenderit pariatur excepteur incididunt sint excepteur qui elit qui Lorem.\r\n", "features":["Calcula", "Shepard", "Equitox"], "industry":"Dancity", "postalCode":96248, "registered":"2015-04-04T01:37:06 +07:00"}, "geometry":{"type":"Point", "coordinates":[171.9729, 6.9956]}}