{"type":"Feature", "properties":{"_id":"5792454fbb27a74f30b10c0d", "age":29, "eyeColor":"blue", "name":"Holcomb Moses", "gender":"male", "company":"DOGNOST", "email":"holcombmoses@dognost.com", "phone":"+1 (815) 525-2477", "address":"649 Sackman Street, Greenfields, Mississippi, 4047", "about":"Laboris culpa aliqua in ea velit culpa sint. Labore dolore id ad sit nulla in. Nulla eu aliquip cupidatat et proident adipisicing cillum. Dolore labore labore commodo adipisicing veniam. Tempor excepteur Lorem cupidatat id nisi Lorem ullamco in officia nulla quis magna aliqua in. Ipsum proident labore nostrud mollit proident id adipisicing nisi cupidatat officia occaecat nisi.\r\n", "features":["Ramjob", "Electonic"], "industry":"Inventure", "postalCode":87940, "registered":"2014-08-04T11:29:35 +07:00"}, "geometry":{"type":"Point", "coordinates":[-143.3636, 63.226]}}