{"type":"Feature", "properties":{"_id":"5792454f3589f94686b1d5cd", "age":38, "eyeColor":"blue", "name":"Kathleen Santiago", "gender":"female", "company":"ENJOLA", "email":"kathleensantiago@enjola.com", "phone":"+1 (997) 455-2056", "address":"492 India Street, Machias, Northern Mariana Islands, 3948", "about":"Qui deserunt consectetur in ex. Eiusmod aliquip cillum laborum ullamco. Proident culpa proident non ex incididunt est commodo eu anim minim esse exercitation ex. Magna laborum fugiat dolore ad pariatur deserunt consectetur mollit esse.\r\n", "features":["Musaphics", "Acrodance", "Isologics"], "industry":"Zosis", "postalCode":88440, "registered":"2016-02-13T01:49:57 +08:00"}, "geometry":{"type":"Point", "coordinates":[-30.7099, -30.2681]}}