{"type":"Feature", "properties":{"_id":"5792454f42809f4e46da61b3", "age":31, "eyeColor":"green", "name":"Lott Pruitt", "gender":"male", "company":"MARQET", "email":"lottpruitt@marqet.com", "phone":"+1 (865) 455-2882", "address":"470 Aurelia Court, Marysville, New Jersey, 6737", "about":"Ut officia nulla ipsum dolor tempor proident velit velit anim proident esse ullamco ex ipsum. In velit nostrud tempor anim est consequat enim culpa ut consequat dolore commodo anim est. Enim dolore nostrud aute mollit dolor ea quis cillum ad mollit. Est aliquip irure sit est commodo eiusmod ex et. Nostrud veniam nisi ipsum ullamco do in adipisicing in sit. Incididunt quis et sit id ut ad.\r\n", "features":["Frolix", "Zomboid", "Quilch", "Comcubine"], "industry":"Reversus", "postalCode":87448, "registered":"2015-04-23T05:03:49 +07:00"}, "geometry":{"type":"Point", "coordinates":[127.6879, -17.7204]}}