{"type":"Feature", "properties":{"_id":"5792454f6b67ea673e81eeac", "age":26, "eyeColor":"brown", "name":"Claudine Rodriquez", "gender":"female", "company":"CORECOM", "email":"claudinerodriquez@corecom.com", "phone":"+1 (928) 547-2269", "address":"234 Cambridge Place, Levant, Minnesota, 2543", "about":"Ullamco dolore occaecat et nulla aute ad minim eiusmod magna labore aute fugiat. Nostrud veniam voluptate nisi consequat incididunt consequat aliquip aute tempor voluptate. Dolore laborum eiusmod deserunt pariatur laboris ullamco incididunt aliqua ullamco sit ullamco consequat. Aliqua nulla esse est nulla officia.\r\n", "features":["Springbee", "Vinch", "Venoflex", "Digitalus"], "industry":"Corporana", "postalCode":91247, "registered":"2014-07-04T12:26:29 +07:00"}, "geometry":{"type":"Point", "coordinates":[-170.7854, -75.6437]}}