{"type":"Feature", "properties":{"_id":"5792454ff5805e2c28b34f0f", "age":40, "eyeColor":"green", "name":"Tamara Jacobson", "gender":"female", "company":"INQUALA", "email":"tamarajacobson@inquala.com", "phone":"+1 (881) 478-3886", "address":"593 Sheffield Avenue, Northridge, Virgin Islands, 5433", "about":"Laboris eu excepteur do ipsum irure cillum sunt in est laboris consectetur. Deserunt excepteur mollit veniam dolor id proident officia aute nisi. Voluptate duis occaecat voluptate tempor occaecat minim ipsum adipisicing in est culpa. Consectetur minim ea reprehenderit duis deserunt.\r\n", "features":["Isotronic", "Zilladyne"], "industry":"Candecor", "postalCode":90241, "registered":"2014-04-25T01:03:15 +07:00"}, "geometry":{"type":"Point", "coordinates":[-14.4003, -43.1574]}}