{"type":"Feature", "properties":{"_id":"5792454fe0ea60a9a393cd67", "age":25, "eyeColor":"brown", "name":"Tabatha Hunt", "gender":"female", "company":"JOVIOLD", "email":"tabathahunt@joviold.com", "phone":"+1 (893) 484-3770", "address":"699 Bedford Place, Grazierville, Florida, 4417", "about":"Duis exercitation consectetur deserunt aliqua. Est aliqua cupidatat id officia amet excepteur enim cupidatat id do. Reprehenderit sit aliqua sint non in labore ad dolor Lorem reprehenderit fugiat elit laborum.\r\n", "features":["Fortean", "Papricut"], "industry":"Indexia", "postalCode":84241, "registered":"2014-05-04T05:14:42 +07:00"}, "geometry":{"type":"Point", "coordinates":[-105.1402, -11.4648]}}