{"type":"Feature", "properties":{"_id":"5792454ffa7b2f37c7abc058", "age":29, "eyeColor":"green", "name":"Henry Baldwin", "gender":"male", "company":"RECRITUBE", "email":"henrybaldwin@recritube.com", "phone":"+1 (961) 572-3614", "address":"179 Bevy Court, Bartley, Guam, 9840", "about":"Aliquip excepteur enim nisi exercitation reprehenderit consequat. Reprehenderit duis deserunt incididunt ullamco voluptate. Nulla eu ad aute eu cillum in et excepteur commodo labore ullamco. Lorem eiusmod aliqua cupidatat exercitation pariatur consequat commodo cupidatat sunt. Lorem sit fugiat exercitation officia commodo veniam deserunt deserunt laborum ipsum ea laboris. Deserunt do laborum nulla cupidatat cupidatat nisi aliqua. Consectetur elit labore ea laboris cupidatat labore enim quis in qui.\r\n", "features":["Exosis", "Skyplex", "Comtrak", "Goko"], "industry":"Cubix", "postalCode":91759, "registered":"2015-10-14T10:08:29 +07:00"}, "geometry":{"type":"Point", "coordinates":[-94.1809, -78.9371]}}