{"type":"Feature", "properties":{"_id":"5792454f3ccf3d26887a3501", "age":24, "eyeColor":"green", "name":"Ramos Navarro", "gender":"male", "company":"MITROC", "email":"ramosnavarro@mitroc.com", "phone":"+1 (828) 548-3834", "address":"113 Sackett Street, Allentown, Ohio, 3334", "about":"Anim anim non quis eu consequat amet in dolore eiusmod nulla. Magna tempor sint fugiat id nisi qui nostrud sint elit consectetur. Amet cillum fugiat nostrud eu nisi nisi ex adipisicing amet. In laboris est aliquip sit minim enim consectetur nisi exercitation proident tempor aute et commodo. Proident dolore aliquip ad ex amet. Ex esse ullamco dolor consequat officia dolore commodo cupidatat aute pariatur do officia laboris.\r\n", "features":[], "industry":"Ludak", "postalCode":98056, "registered":"2015-04-01T06:30:28 +07:00"}, "geometry":{"type":"Point", "coordinates":[-135.4047, 7.943]}}