{"type":"Feature", "properties":{"_id":"5792454f2e6e4236fa3ece89", "age":40, "eyeColor":"green", "name":"Hudson Barrera", "gender":"male", "company":"EPLOSION", "email":"hudsonbarrera@eplosion.com", "phone":"+1 (982) 529-2608", "address":"995 Varanda Place, Groton, Illinois, 2859", "about":"Ex dolore aute do eu. Labore exercitation et reprehenderit aute consectetur occaecat nisi elit. Eiusmod adipisicing sunt cillum duis amet.\r\n", "features":["Maineland"], "industry":"Manufact", "postalCode":84341, "registered":"2014-12-25T11:16:34 +08:00"}, "geometry":{"type":"Point", "coordinates":[19.5396, 50.7631]}}