{"type":"Feature", "properties":{"_id":"5792454fb9e635bb012421c5", "age":36, "eyeColor":"brown", "name":"Kane Wallace", "gender":"male", "company":"SILODYNE", "email":"kanewallace@silodyne.com", "phone":"+1 (915) 536-3721", "address":"988 Randolph Street, Deltaville, Virgin Islands, 2508", "about":"Ex do adipisicing aliqua sunt. Commodo velit aute tempor eiusmod excepteur et ex reprehenderit veniam quis in. Excepteur consequat cillum reprehenderit laboris enim nulla anim commodo officia officia et laboris velit. Consequat magna fugiat aliqua excepteur et eu ad cupidatat voluptate ad ad qui. Esse adipisicing Lorem id Lorem commodo pariatur quis tempor sit pariatur.\r\n", "features":["Firewax", "Geekola", "Bostonic", "Rameon"], "industry":"Dymi", "postalCode":85458, "registered":"2014-03-06T06:28:04 +08:00"}, "geometry":{"type":"Point", "coordinates":[-48.7922, 28.3145]}}