{"type":"Feature", "properties":{"_id":"5792454f6a97cf9fe1f6230f", "age":33, "eyeColor":"blue", "name":"Bowman Pitts", "gender":"male", "company":"LIMAGE", "email":"bowmanpitts@limage.com", "phone":"+1 (915) 561-3845", "address":"116 Veterans Avenue, Blue, Georgia, 6661", "about":"Fugiat excepteur consequat officia non non voluptate ad pariatur quis proident. Veniam dolor non deserunt quis incididunt. Irure id consectetur laboris ullamco duis duis anim. Incididunt commodo ipsum dolor commodo. Excepteur nisi consectetur dolor pariatur consequat proident ipsum occaecat occaecat excepteur officia dolor laboris. Minim aute irure id Lorem commodo consequat enim aliquip proident ea ex Lorem. Dolor ex tempor anim cupidatat incididunt sint.\r\n", "features":["Quizka", "Plexia", "Digique"], "industry":"Digifad", "postalCode":91551, "registered":"2014-06-18T09:16:04 +07:00"}, "geometry":{"type":"Point", "coordinates":[-135.3526, -46.3965]}}