{"type":"Feature", "properties":{"_id":"5792454f7dc957bfa4730285", "age":23, "eyeColor":"green", "name":"Perry French", "gender":"male", "company":"COMSTRUCT", "email":"perryfrench@comstruct.com", "phone":"+1 (982) 479-2592", "address":"341 Fenimore Street, Longoria, North Dakota, 2943", "about":"Nulla est aliqua ipsum id officia id mollit. Adipisicing in deserunt duis laboris. Excepteur mollit dolor sunt ipsum esse dolore culpa ut culpa. Aliquip aliquip reprehenderit officia magna pariatur quis ex amet eiusmod proident elit sint amet. Dolore irure minim aliqua laboris officia qui nulla id minim laboris cillum. Eiusmod occaecat minim eu eu.\r\n", "features":["Qot", "Corpulse", "Namegen"], "industry":"Protodyne", "postalCode":96752, "registered":"2015-09-12T06:20:00 +07:00"}, "geometry":{"type":"Point", "coordinates":[161.2635, -20.7781]}}