{"type":"Feature", "properties":{"_id":"5792454f01bb90bb7a3c4366", "age":26, "eyeColor":"blue", "name":"Navarro Henry", "gender":"male", "company":"PROSURE", "email":"navarrohenry@prosure.com", "phone":"+1 (972) 424-3715", "address":"202 Jackson Street, Hiko, Oklahoma, 2901", "about":"In magna Lorem ullamco proident eiusmod excepteur nulla sint ex velit. Quis Lorem laboris laborum magna consequat fugiat fugiat. Excepteur id velit nisi ad esse velit duis nulla. Tempor magna Lorem sit sit deserunt officia. Culpa qui esse dolor Lorem cillum est laborum laboris consectetur velit in.\r\n", "features":["Cognicode", "Plasmox"], "industry":"Globoil", "postalCode":94240, "registered":"2014-09-12T08:26:21 +07:00"}, "geometry":{"type":"Point", "coordinates":[152.9791, -6.2276]}}