{"type":"Feature", "properties":{"_id":"5792454fbd81c0e3ec2b5100", "age":23, "eyeColor":"brown", "name":"Hodges Ford", "gender":"male", "company":"MAROPTIC", "email":"hodgesford@maroptic.com", "phone":"+1 (916) 437-3211", "address":"404 Garnet Street, Mathews, Delaware, 8799", "about":"Ea magna anim velit cillum Lorem consectetur occaecat aliqua pariatur minim ipsum dolore. Velit ipsum ut deserunt est sint ex ipsum proident excepteur. Officia laborum incididunt et mollit adipisicing officia.\r\n", "features":["Digirang"], "industry":"Ovolo", "postalCode":94142, "registered":"2016-03-06T04:22:57 +08:00"}, "geometry":{"type":"Point", "coordinates":[96.9035, -45.5749]}}