{"type":"Feature", "properties":{"_id":"5792454f96a0aa912c57bcec", "age":20, "eyeColor":"green", "name":"Mason Ross", "gender":"male", "company":"HOPELI", "email":"masonross@hopeli.com", "phone":"+1 (828) 463-2612", "address":"199 Remsen Street, Bakersville, Florida, 5718", "about":"Cupidatat in consequat anim in magna excepteur exercitation nulla deserunt duis nostrud do adipisicing exercitation. Exercitation ut veniam id enim elit laborum sint. Dolor culpa labore sunt adipisicing occaecat aliqua ullamco Lorem esse pariatur elit pariatur sint.\r\n", "features":[], "industry":"Fangold", "postalCode":96847, "registered":"2014-01-23T08:52:32 +08:00"}, "geometry":{"type":"Point", "coordinates":[-7.7698, 37.593]}}