{"type":"Feature", "properties":{"_id":"5792454fe04c045dde3d7238", "age":25, "eyeColor":"green", "name":"Hodge Guzman", "gender":"male", "company":"GEEKOLOGY", "email":"hodgeguzman@geekology.com", "phone":"+1 (866) 420-2110", "address":"761 George Street, Emison, Wisconsin, 4617", "about":"Consectetur aliquip ea consectetur ex est id proident nostrud eu adipisicing. Et ea non consequat excepteur adipisicing excepteur. Consequat ad et adipisicing excepteur et in qui ad elit excepteur sunt ea adipisicing. Excepteur pariatur exercitation occaecat cupidatat excepteur. Irure magna ex tempor tempor proident et anim.\r\n", "features":[], "industry":"Zolavo", "postalCode":93446, "registered":"2015-04-29T02:44:10 +07:00"}, "geometry":{"type":"Point", "coordinates":[-137.5953, 24.3668]}}