{"type":"Feature", "properties":{"_id":"5792454f204b5720d75a1ad4", "age":34, "eyeColor":"brown", "name":"Lynch Rice", "gender":"male", "company":"HIVEDOM", "email":"lynchrice@hivedom.com", "phone":"+1 (878) 581-2516", "address":"995 Hinckley Place, Tolu, Hawaii, 4015", "about":"Incididunt officia ullamco in ipsum cupidatat nisi qui qui anim. Duis excepteur irure eu pariatur sit fugiat enim non culpa cillum enim duis ad. Non laborum non aliqua aute mollit occaecat dolore velit incididunt magna incididunt nisi duis proident. Deserunt aute officia ipsum irure dolore aliqua. Laborum ad occaecat non culpa cupidatat.\r\n", "features":["Callflex", "Xyqag", "Noralex"], "industry":"Katakana", "postalCode":95758, "registered":"2014-06-05T08:09:06 +07:00"}, "geometry":{"type":"Point", "coordinates":[-62.5703, 65.7912]}}