{"type":"Feature", "properties":{"_id":"5792454f814ccc905b398704", "age":29, "eyeColor":"blue", "name":"Lynda Garner", "gender":"female", "company":"ZILLAR", "email":"lyndagarner@zillar.com", "phone":"+1 (963) 569-3555", "address":"867 Meadow Street, Nanafalia, Palau, 4564", "about":"Amet dolor ut veniam aliqua adipisicing labore eu occaecat commodo elit. Quis occaecat laboris aliqua proident sunt reprehenderit quis ex. Aliquip velit deserunt dolore consequat tempor aliquip id reprehenderit. In aliqua fugiat incididunt eiusmod aliquip anim in consequat labore pariatur in aliquip. Aute dolore dolor do ullamco nostrud exercitation adipisicing officia. Ad elit cupidatat voluptate velit. Exercitation do eu amet ea magna aliquip consequat incididunt reprehenderit aute Lorem cillum velit ipsum.\r\n", "features":["Xurban", "Endipin", "Melbacor", "Diginetic"], "industry":"Anivet", "postalCode":89349, "registered":"2014-12-22T10:00:49 +08:00"}, "geometry":{"type":"Point", "coordinates":[-160.2108, -57.0931]}}