{"type":"Feature", "properties":{"_id":"5792454f81e727155fc20fa8", "age":27, "eyeColor":"brown", "name":"Ward Macdonald", "gender":"male", "company":"LUXURIA", "email":"wardmacdonald@luxuria.com", "phone":"+1 (830) 441-3289", "address":"989 Dikeman Street, Zeba, Kansas, 7020", "about":"Nisi qui officia amet velit esse irure consequat Lorem dolor est cillum dolor dolor quis. Id veniam cupidatat sit exercitation elit elit reprehenderit aute reprehenderit tempor. Nostrud deserunt veniam commodo adipisicing aliquip duis minim esse. Ad cillum Lorem sunt quis eiusmod Lorem proident nisi ullamco eiusmod aliqua mollit. Voluptate id exercitation laborum dolor eiusmod dolor. Cupidatat aute non pariatur officia nulla in sit Lorem occaecat occaecat do amet et laboris.\r\n", "features":["Genesynk", "Boilicon"], "industry":"Greeker", "postalCode":93152, "registered":"2014-03-25T09:08:17 +07:00"}, "geometry":{"type":"Point", "coordinates":[6.8829, -9.4269]}}