{"type":"Feature", "properties":{"_id":"5792454f89c8e431d0dc8489", "age":33, "eyeColor":"blue", "name":"Mccarty Juarez", "gender":"male", "company":"BLUPLANET", "email":"mccartyjuarez@bluplanet.com", "phone":"+1 (810) 494-2784", "address":"168 Lake Street, Fannett, Colorado, 6867", "about":"Cillum qui consequat proident laboris in. Sunt ex ad consequat ea quis Lorem sit commodo. Velit adipisicing ut deserunt deserunt dolor aliquip duis qui eiusmod occaecat. Sunt exercitation adipisicing minim cillum non qui quis ut amet commodo. Est qui voluptate cillum duis irure elit dolor commodo anim esse eiusmod pariatur. Incididunt esse mollit magna velit enim veniam. Nulla duis dolore eiusmod adipisicing incididunt ex elit amet sunt irure ad.\r\n", "features":[], "industry":"Quilk", "postalCode":90046, "registered":"2016-02-10T09:06:32 +08:00"}, "geometry":{"type":"Point", "coordinates":[148.2789, 8.2871]}}