{"type":"Feature", "properties":{"_id":"5792454f793ee054f4cd6ab0", "age":38, "eyeColor":"green", "name":"Mendoza Glass", "gender":"male", "company":"PEARLESSA", "email":"mendozaglass@pearlessa.com", "phone":"+1 (836) 467-2137", "address":"771 Madeline Court, Jacumba, Puerto Rico, 9060", "about":"Ullamco aliquip adipisicing et consequat incididunt adipisicing nostrud. Amet culpa fugiat et elit tempor sunt do proident do officia adipisicing elit tempor. Enim amet dolor duis cupidatat excepteur non do exercitation pariatur. Ullamco incididunt veniam sunt ex laboris tempor aute labore fugiat do culpa ullamco velit cupidatat.\r\n", "features":["Senmao", "Recognia", "Flexigen", "Zaya"], "industry":"Applica", "postalCode":96857, "registered":"2016-02-28T08:10:30 +08:00"}, "geometry":{"type":"Point", "coordinates":[128.5517, -61.6371]}}