{"type":"Feature", "properties":{"_id":"5792454f2272d2206c35a3cb", "age":22, "eyeColor":"blue", "name":"Pacheco Powell", "gender":"male", "company":"DYNO", "email":"pachecopowell@dyno.com", "phone":"+1 (960) 558-2707", "address":"439 Albemarle Terrace, Mahtowa, Alabama, 2366", "about":"Occaecat commodo pariatur sint anim in mollit Lorem sunt irure tempor. Quis cupidatat veniam dolor do officia sint cillum consequat occaecat. Fugiat aliqua ex magna magna. Ipsum Lorem ad aliqua dolore excepteur proident eiusmod cillum officia esse aliquip. Qui consectetur aliquip eiusmod commodo id laborum non do quis adipisicing sunt adipisicing est. Velit Lorem ullamco elit fugiat enim laborum ut do ex. Lorem do exercitation aliqua est voluptate amet sint labore amet labore.\r\n", "features":["Comveyer"], "industry":"Zoid", "postalCode":82648, "registered":"2016-04-02T02:22:55 +07:00"}, "geometry":{"type":"Point", "coordinates":[5.0821, -15.6881]}}