{"type":"Feature", "properties":{"_id":"5792454f2767a232197d8567", "age":36, "eyeColor":"blue", "name":"Desiree Davis", "gender":"female", "company":"SLOGANAUT", "email":"desireedavis@sloganaut.com", "phone":"+1 (941) 422-2570", "address":"446 Fleet Street, Chelsea, Federated States Of Micronesia, 8694", "about":"Laborum Lorem dolore eu deserunt laboris nulla commodo deserunt eu excepteur veniam enim sint. Lorem consequat voluptate quis ullamco aute dolor ea laboris ullamco id sunt. Laborum Lorem nostrud duis et deserunt incididunt commodo ullamco culpa irure consectetur ea minim et.\r\n", "features":["Lumbrex", "Avenetro", "Telpod", "Polarium"], "industry":"Miracula", "postalCode":82759, "registered":"2015-12-18T06:57:54 +08:00"}, "geometry":{"type":"Point", "coordinates":[-63.0185, -55.1712]}}