{"type":"Feature", "properties":{"_id":"5792454f14a79d1980cddcf1", "age":31, "eyeColor":"blue", "name":"Cline Rosales", "gender":"male", "company":"INSURESYS", "email":"clinerosales@insuresys.com", "phone":"+1 (978) 535-3269", "address":"958 Henry Street, Fruitdale, North Carolina, 962", "about":"Excepteur cillum aliquip fugiat aliquip cupidatat sunt amet. Ex irure qui labore ea mollit ipsum anim ea pariatur aute labore tempor aute. Excepteur incididunt ea occaecat nulla veniam mollit aliquip voluptate dolore Lorem ea exercitation.\r\n", "features":["Handshake", "Valpreal", "Xeronk", "Ecrater"], "industry":"Cofine", "postalCode":95558, "registered":"2014-05-09T01:07:39 +07:00"}, "geometry":{"type":"Point", "coordinates":[17.613, 6.3434]}}