{"type":"Feature", "properties":{"_id":"5792454f99c515778e988612", "age":34, "eyeColor":"blue", "name":"Estela Pittman", "gender":"female", "company":"HINWAY", "email":"estelapittman@hinway.com", "phone":"+1 (821) 403-2688", "address":"422 Quentin Street, Riceville, Virginia, 7119", "about":"Occaecat nostrud sunt sint Lorem est pariatur velit velit laboris. Ut nisi aliquip minim ullamco laboris aliquip. Laborum consectetur et enim non est. Irure velit cupidatat irure ex in est enim velit sint commodo nulla aliqua consequat.\r\n", "features":["Ecolight", "Zentury", "Dognosis", "Cytrak"], "industry":"Comcur", "postalCode":88845, "registered":"2014-05-02T06:18:20 +07:00"}, "geometry":{"type":"Point", "coordinates":[128.0964, 25.6729]}}