{"type":"Feature", "properties":{"_id":"5792454f4223aeee6feac25d", "age":32, "eyeColor":"blue", "name":"Bobbie Frederick", "gender":"female", "company":"DIGIGENE", "email":"bobbiefrederick@digigene.com", "phone":"+1 (983) 526-3069", "address":"161 Bogart Street, Hoagland, Missouri, 2714", "about":"Id do pariatur cillum laborum sint. Non minim elit officia consectetur quis sunt id sit est. Esse ad exercitation ex consequat consequat ea et sit. Id non pariatur voluptate reprehenderit sunt.\r\n", "features":["Buzzworks", "Multron"], "industry":"Zytrax", "postalCode":94453, "registered":"2015-07-22T07:28:41 +07:00"}, "geometry":{"type":"Point", "coordinates":[-15.414, 60.3661]}}