{"type":"Feature", "properties":{"_id":"5792454fd1bb5d7b615c115b", "age":24, "eyeColor":"green", "name":"Larsen Schmidt", "gender":"male", "company":"SOLGAN", "email":"larsenschmidt@solgan.com", "phone":"+1 (985) 425-2733", "address":"608 Kenilworth Place, Westphalia, Northern Mariana Islands, 8395", "about":"Aliqua irure enim qui adipisicing tempor magna aute dolor in officia enim consequat. Non eiusmod irure aliquip commodo fugiat laboris dolor irure excepteur in. Fugiat pariatur ea aute proident cupidatat deserunt do tempor do consequat aliqua. Sunt ea cupidatat ad quis velit eiusmod amet ut commodo fugiat commodo excepteur ullamco dolor. Aliquip voluptate magna sint esse aliqua ipsum incididunt nulla eu aliquip quis pariatur ullamco. Adipisicing quis esse deserunt excepteur consectetur Lorem cupidatat aliquip ut excepteur cupidatat duis.\r\n", "features":["Moreganic", "Remold"], "industry":"Obliq", "postalCode":84853, "registered":"2015-01-01T09:19:20 +08:00"}, "geometry":{"type":"Point", "coordinates":[101.1919, -22.1316]}}