{"type":"Feature", "properties":{"_id":"5792454f321c82c03799b1e5", "age":30, "eyeColor":"blue", "name":"Essie Sloan", "gender":"female", "company":"ASSISTIX", "email":"essiesloan@assistix.com", "phone":"+1 (975) 579-2559", "address":"456 Judge Street, Nicut, Michigan, 8113", "about":"Tempor mollit consectetur aute cupidatat commodo elit ad Lorem laboris. Do laborum anim aliquip sunt ullamco deserunt labore minim exercitation qui occaecat nisi veniam. Enim occaecat reprehenderit est enim id. Veniam irure fugiat Lorem qui cillum eiusmod. Reprehenderit minim do veniam magna. Sint veniam magna duis nulla consectetur.\r\n", "features":[], "industry":"Blanet", "postalCode":97340, "registered":"2015-08-08T01:20:02 +07:00"}, "geometry":{"type":"Point", "coordinates":[167.3039, -83.6264]}}