{"type":"Feature", "properties":{"_id":"5792454f6c85b06bb3e0d31a", "age":37, "eyeColor":"brown", "name":"Josefina Baird", "gender":"female", "company":"COMTEST", "email":"josefinabaird@comtest.com", "phone":"+1 (879) 544-2952", "address":"437 Kent Street, Goodville, South Dakota, 5399", "about":"Cillum consequat velit in consectetur proident ea sint. Fugiat do labore cupidatat veniam voluptate ut officia elit aute quis sunt excepteur. Ex laboris in ea exercitation do laboris. Labore occaecat consequat minim laborum deserunt amet incididunt cillum dolor mollit consequat. Deserunt exercitation proident nisi ex laboris. Aliqua minim enim consectetur laborum duis mollit esse.\r\n", "features":["Bedlam"], "industry":"Grupoli", "postalCode":98148, "registered":"2015-08-18T09:16:07 +07:00"}, "geometry":{"type":"Point", "coordinates":[16.2902, -69.1628]}}