{"type":"Feature", "properties":{"_id":"5792454fde2164d973375550", "age":28, "eyeColor":"brown", "name":"Kerri Castro", "gender":"female", "company":"MULTIFLEX", "email":"kerricastro@multiflex.com", "phone":"+1 (907) 447-3673", "address":"534 Bank Street, Temperanceville, North Carolina, 1708", "about":"Velit veniam nisi do sint culpa dolor culpa. Labore aute dolore ullamco consectetur sit fugiat consequat do mollit consectetur tempor culpa. Dolore laboris labore adipisicing Lorem irure consequat non. Aute ipsum consectetur magna ut qui id exercitation sint. Fugiat velit ea occaecat ut nisi. Enim sunt mollit Lorem velit sint. Id nulla eiusmod fugiat officia id in ipsum.\r\n", "features":[], "industry":"Vurbo", "postalCode":82943, "registered":"2016-07-05T04:33:48 +07:00"}, "geometry":{"type":"Point", "coordinates":[42.8065, -15.2031]}}