{"type":"Feature", "properties":{"_id":"5792454fcc56abd78bb43dac", "age":37, "eyeColor":"brown", "name":"Glenn Haynes", "gender":"male", "company":"ZORROMOP", "email":"glennhaynes@zorromop.com", "phone":"+1 (879) 482-2118", "address":"705 Drew Street, Olney, District Of Columbia, 4242", "about":"Eu tempor ipsum ea est quis elit occaecat nisi mollit officia pariatur. Cillum adipisicing proident enim do voluptate ipsum dolore anim eiusmod minim consectetur. In fugiat do do ex consectetur ad labore cupidatat culpa tempor labore fugiat. Ad et exercitation incididunt dolor non amet quis aliquip fugiat ipsum proident.\r\n", "features":["Bezal", "Optyk"], "industry":"Columella", "postalCode":99759, "registered":"2015-05-11T02:48:45 +07:00"}, "geometry":{"type":"Point", "coordinates":[-104.3901, -84.5231]}}