{"type":"Feature", "properties":{"_id":"5792454f16cc06c4de9217e8", "age":34, "eyeColor":"green", "name":"Macdonald Douglas", "gender":"male", "company":"GEEKOL", "email":"macdonalddouglas@geekol.com", "phone":"+1 (929) 548-2265", "address":"438 King Street, Wakulla, Montana, 1326", "about":"Ex commodo incididunt ex eu eiusmod aliquip enim ullamco aliquip aliquip amet. Dolore reprehenderit mollit est consectetur id nostrud officia labore veniam dolore nulla. In aute duis elit fugiat veniam incididunt ea quis excepteur amet commodo Lorem. Sunt do ullamco dolore labore. Est quis aute ipsum magna nisi reprehenderit pariatur officia voluptate deserunt. Aute do est et ad consequat id labore dolor ex velit ut. Eiusmod aliquip labore pariatur laborum cupidatat cupidatat.\r\n", "features":["Ozean"], "industry":"Centuria", "postalCode":96751, "registered":"2016-03-15T12:06:08 +07:00"}, "geometry":{"type":"Point", "coordinates":[-60.2927, -40.1941]}}