{"type":"Feature", "properties":{"_id":"5792454f05688d13c7803564", "age":22, "eyeColor":"blue", "name":"Liliana Dawson", "gender":"female", "company":"GOLISTIC", "email":"lilianadawson@golistic.com", "phone":"+1 (812) 449-2991", "address":"827 Duffield Street, Falconaire, Tennessee, 9564", "about":"Excepteur eiusmod officia magna veniam velit velit dolore reprehenderit non culpa laboris commodo do. Sint veniam consequat consectetur non consectetur est sint cupidatat magna. Dolor adipisicing excepteur dolore minim proident culpa in eu. Irure magna nulla dolore aute enim enim. Tempor aute eiusmod amet cillum occaecat. Velit cupidatat tempor laboris minim cupidatat nulla amet velit. Quis ea qui pariatur proident et sit ea eiusmod ut dolore aliqua non mollit mollit.\r\n", "features":["Repetwire"], "industry":"Zappix", "postalCode":80748, "registered":"2014-12-10T08:25:44 +08:00"}, "geometry":{"type":"Point", "coordinates":[75.4021, 16.6831]}}