{"type":"Feature", "properties":{"_id":"5792454f482f06404c65e07a", "age":26, "eyeColor":"green", "name":"Leonard Landry", "gender":"male", "company":"VITRICOMP", "email":"leonardlandry@vitricomp.com", "phone":"+1 (898) 576-3763", "address":"577 Cooke Court, Kimmell, Montana, 2368", "about":"Incididunt consectetur Lorem veniam culpa et adipisicing sit. Excepteur amet cupidatat nisi nulla. Eu anim commodo minim elit laboris adipisicing anim do ex eiusmod.\r\n", "features":["Digigen", "Uberlux"], "industry":"Netbook", "postalCode":94759, "registered":"2015-08-01T12:29:34 +07:00"}, "geometry":{"type":"Point", "coordinates":[-80.5231, 41.7933]}}