{"type":"Feature", "properties":{"_id":"5792454ff405fa53f50c41be", "age":20, "eyeColor":"green", "name":"Mae Leach", "gender":"female", "company":"FLEETMIX", "email":"maeleach@fleetmix.com", "phone":"+1 (872) 502-3330", "address":"655 Vandalia Avenue, Drytown, Maine, 182", "about":"Velit veniam Lorem sunt culpa pariatur. Sit quis aute nulla dolore aute do duis aliqua eiusmod et. Dolore velit pariatur ipsum nisi. Deserunt officia officia aliquip veniam voluptate magna. Commodo enim enim non ex laborum commodo pariatur dolor. In pariatur sint commodo consequat consectetur irure. Pariatur sint quis do culpa aliquip nostrud in nulla est occaecat est cupidatat ex.\r\n", "features":["Autograte", "Nurali"], "industry":"Zidant", "postalCode":80457, "registered":"2016-04-13T10:48:40 +07:00"}, "geometry":{"type":"Point", "coordinates":[11.6109, 5.7688]}}