{"type":"Feature", "properties":{"_id":"5792454f1276bac8d01928ff", "age":26, "eyeColor":"blue", "name":"Evangeline Turner", "gender":"female", "company":"TALKOLA", "email":"evangelineturner@talkola.com", "phone":"+1 (847) 555-3313", "address":"497 Richards Street, Strykersville, Wyoming, 3019", "about":"Incididunt est aute et est ex voluptate anim nisi laboris cillum nulla. Eiusmod Lorem nostrud voluptate culpa cillum ex et officia eu dolore elit fugiat. Lorem proident veniam dolor aute anim excepteur ipsum excepteur in eu anim excepteur. Incididunt non elit laborum nostrud elit incididunt sit duis ipsum proident duis cillum cillum ullamco. Laboris consequat tempor reprehenderit et ipsum dolor incididunt duis occaecat ut et nisi id aliqua. Tempor consequat culpa sit fugiat exercitation culpa officia culpa proident Lorem ea velit aliquip.\r\n", "features":["Niquent", "Emergent", "Suretech"], "industry":"Jumpstack", "postalCode":95041, "registered":"2014-07-19T11:13:45 +07:00"}, "geometry":{"type":"Point", "coordinates":[58.2464, -76.6202]}}