{"type":"Feature", "properties":{"_id":"5792454f7c59c2e15b9e6112", "age":35, "eyeColor":"green", "name":"Carlson Frank", "gender":"male", "company":"EXOTERIC", "email":"carlsonfrank@exoteric.com", "phone":"+1 (947) 549-2024", "address":"212 National Drive, Elfrida, Arizona, 6109", "about":"Adipisicing mollit adipisicing culpa velit ullamco commodo. Commodo aute anim commodo nulla sunt ad. Est pariatur mollit duis sint aute nulla aute.\r\n", "features":["Ziore"], "industry":"Cablam", "postalCode":80340, "registered":"2016-06-20T02:49:38 +07:00"}, "geometry":{"type":"Point", "coordinates":[42.7826, -69.6272]}}