{"type":"Feature", "properties":{"_id":"5792454f584c37c2d967e508", "age":34, "eyeColor":"brown", "name":"Opal Harrington", "gender":"female", "company":"EXOTECHNO", "email":"opalharrington@exotechno.com", "phone":"+1 (815) 450-2430", "address":"536 Jardine Place, Roeville, Marshall Islands, 3913", "about":"Reprehenderit aliquip duis nostrud dolore minim magna culpa exercitation labore fugiat nostrud mollit. Fugiat veniam nulla aute commodo amet veniam duis dolor ad ullamco. Veniam qui eiusmod labore ad qui nisi irure non sint non anim incididunt cupidatat. Cupidatat cupidatat nostrud do adipisicing officia labore dolor nulla consequat qui. Proident laborum aliqua ipsum deserunt incididunt. Sunt est ullamco et ullamco Lorem quis dolore fugiat quis sunt ad ad cupidatat ea. Quis non do quis do occaecat do.\r\n", "features":[], "industry":"Rodeology", "postalCode":93142, "registered":"2015-11-28T06:55:09 +08:00"}, "geometry":{"type":"Point", "coordinates":[-31.105, 30.5947]}}