{"type":"Feature", "properties":{"_id":"5792454f3a7b9ee01054d8d1", "age":32, "eyeColor":"blue", "name":"Battle Hoffman", "gender":"male", "company":"LYRIA", "email":"battlehoffman@lyria.com", "phone":"+1 (807) 558-2664", "address":"282 Hendrix Street, Efland, Texas, 1066", "about":"Pariatur aliqua dolor aliqua sint. Amet ea est adipisicing commodo dolore. Commodo culpa sint ut ut Lorem voluptate in velit.\r\n", "features":["Xth"], "industry":"Oatfarm", "postalCode":92746, "registered":"2015-08-01T09:32:14 +07:00"}, "geometry":{"type":"Point", "coordinates":[108.4601, -8.4791]}}