{"type":"Feature", "properties":{"_id":"5792454f5f06c7358569b571", "age":35, "eyeColor":"green", "name":"Pat Gonzalez", "gender":"female", "company":"VIAGRAND", "email":"patgonzalez@viagrand.com", "phone":"+1 (963) 435-2404", "address":"137 Rose Street, Harleigh, Utah, 6211", "about":"Deserunt aute ad ut labore esse qui ea anim quis in laboris. Eiusmod sint id mollit culpa amet ex nulla ullamco duis eiusmod est anim tempor. Voluptate duis aliquip ad fugiat minim Lorem aliquip cillum elit tempor dolore ex incididunt. Est reprehenderit nostrud veniam ad sunt laboris enim laboris excepteur fugiat. Esse aliqua Lorem irure sint sunt.\r\n", "features":[], "industry":"Apex", "postalCode":84947, "registered":"2015-04-19T01:05:03 +07:00"}, "geometry":{"type":"Point", "coordinates":[55.8913, -77.1306]}}