{"type":"Feature", "properties":{"_id":"5792454f5930135ef2189962", "age":32, "eyeColor":"brown", "name":"Nola Mueller", "gender":"female", "company":"ACCUPRINT", "email":"nolamueller@accuprint.com", "phone":"+1 (979) 569-3951", "address":"682 Arlington Place, Moscow, Rhode Island, 5329", "about":"Sit nisi ex velit exercitation non nostrud nulla culpa adipisicing dolor voluptate Lorem quis minim. Magna fugiat magna duis labore anim culpa. Non aliquip enim cillum sint et adipisicing do dolor aliqua anim ullamco occaecat est nisi. Esse officia dolor excepteur consectetur sint tempor esse reprehenderit reprehenderit laborum irure.\r\n", "features":["Typhonica"], "industry":"Calcu", "postalCode":87056, "registered":"2016-06-15T10:17:33 +07:00"}, "geometry":{"type":"Point", "coordinates":[92.8947, -57.1331]}}