{"type":"Feature", "properties":{"_id":"5792454ff0ef2a5b8cf0a97c", "age":32, "eyeColor":"blue", "name":"Burton Cleveland", "gender":"male", "company":"FLEETMIX", "email":"burtoncleveland@fleetmix.com", "phone":"+1 (969) 421-3353", "address":"590 Malbone Street, Curtice, Rhode Island, 2326", "about":"Et et proident do nostrud fugiat aliqua id pariatur non quis proident exercitation ipsum proident. Adipisicing dolor voluptate ex ullamco excepteur occaecat voluptate consectetur sint irure veniam velit. Aliqua proident commodo magna irure veniam laborum irure incididunt ipsum nulla.\r\n", "features":["Autograte"], "industry":"Nurali", "postalCode":96841, "registered":"2015-04-02T08:05:43 +07:00"}, "geometry":{"type":"Point", "coordinates":[10.1369, 58.7756]}}