{"type":"Feature", "properties":{"_id":"5792454f05ec93de89bdb372", "age":26, "eyeColor":"green", "name":"Rhodes Mcleod", "gender":"male", "company":"ISOTERNIA", "email":"rhodesmcleod@isoternia.com", "phone":"+1 (805) 568-2096", "address":"868 Miller Avenue, Colton, South Dakota, 8144", "about":"Est Lorem eu aliquip amet duis ex eiusmod consequat eu aliquip. Id esse ut enim incididunt nulla ipsum. Anim duis magna minim culpa sit laborum fugiat eiusmod irure officia quis commodo. Id excepteur magna sint ipsum in amet et anim. In anim voluptate dolore et elit irure dolor. Quis aliquip consectetur commodo officia consectetur consequat ea id exercitation ipsum veniam excepteur ex ea.\r\n", "features":["Enjola", "Musaphics", "Acrodance", "Isologics"], "industry":"Zosis", "postalCode":87054, "registered":"2015-09-01T07:38:15 +07:00"}, "geometry":{"type":"Point", "coordinates":[31.8409, -49.445]}}