{"type":"Feature", "properties":{"_id":"5792454ffe9c3446c60b44ab", "age":22, "eyeColor":"blue", "name":"Misty Mccoy", "gender":"female", "company":"PASTURIA", "email":"mistymccoy@pasturia.com", "phone":"+1 (913) 483-2736", "address":"180 Rewe Street, Greenwich, Oregon, 8740", "about":"Minim officia sit consequat culpa consequat culpa ipsum pariatur nulla esse in aliquip eu labore. Magna magna deserunt magna exercitation et enim commodo aute est qui. Laboris duis et eu ad magna minim voluptate mollit.\r\n", "features":["Waretel", "Zillactic", "Eventex"], "industry":"Exospeed", "postalCode":84454, "registered":"2015-05-04T01:18:55 +07:00"}, "geometry":{"type":"Point", "coordinates":[-141.4913, -67.0413]}}