{"type":"Feature", "properties":{"_id":"5792454f57c513fa5cf2ce49", "age":40, "eyeColor":"blue", "name":"Sykes Holman", "gender":"male", "company":"ZOXY", "email":"sykesholman@zoxy.com", "phone":"+1 (845) 579-3449", "address":"942 Gunnison Court, Topaz, New Hampshire, 4551", "about":"Adipisicing ad sunt minim eiusmod quis qui pariatur qui. Nostrud fugiat nulla exercitation enim culpa ea ut reprehenderit reprehenderit fugiat. Dolor veniam mollit nulla sunt dolore commodo incididunt ullamco.\r\n", "features":[], "industry":"Accruex", "postalCode":86641, "registered":"2015-06-09T01:17:16 +07:00"}, "geometry":{"type":"Point", "coordinates":[-152.2156, -25.6092]}}