{"type":"Feature", "properties":{"_id":"5792454e60f1de4e690268af", "age":21, "eyeColor":"blue", "name":"Howell Cortez", "gender":"male", "company":"LYRICHORD", "email":"howellcortez@lyrichord.com", "phone":"+1 (962) 426-3512", "address":"289 Greenpoint Avenue, Naomi, Alabama, 2519", "about":"Nulla incididunt voluptate qui cillum eu Lorem. Veniam ea anim eu veniam deserunt fugiat reprehenderit pariatur commodo culpa. Nostrud culpa dolore nostrud duis pariatur laboris magna exercitation dolore sint veniam nulla do aliqua. Nulla aliqua deserunt nulla ipsum aliqua et commodo aute duis amet incididunt veniam labore reprehenderit. Aliquip anim duis consectetur incididunt eiusmod id anim voluptate mollit veniam ad ut in.\r\n", "features":["Stelaecor", "Cosmosis", "Gogol"], "industry":"Playce", "postalCode":81458, "registered":"2015-02-07T01:38:23 +08:00"}, "geometry":{"type":"Point", "coordinates":[12.5007, -38.2418]}}