{"type":"Feature", "properties":{"_id":"5792454f0f7c857e8d5537cb", "age":21, "eyeColor":"green", "name":"Kirk Chase", "gender":"male", "company":"ZIDANT", "email":"kirkchase@zidant.com", "phone":"+1 (937) 467-2572", "address":"834 Hull Street, Turpin, Vermont, 9274", "about":"Labore nulla aliquip do excepteur ullamco et mollit ad ex ullamco eu eu velit. Officia non magna cillum pariatur commodo occaecat culpa non id Lorem elit. Labore elit sunt excepteur amet elit magna. Cupidatat Lorem ea cupidatat ut culpa incididunt. Fugiat velit nisi exercitation labore culpa ea commodo exercitation. Sunt dolor aliqua aliqua do sunt culpa aliqua voluptate id.\r\n", "features":["Earthpure"], "industry":"Waab", "postalCode":88441, "registered":"2014-10-24T09:07:15 +07:00"}, "geometry":{"type":"Point", "coordinates":[-132.3021, -6.0124]}}