{"type":"Feature", "properties":{"_id":"5792454ff3200ee077362183", "age":31, "eyeColor":"blue", "name":"Aimee Lynch", "gender":"female", "company":"PETICULAR", "email":"aimeelynch@peticular.com", "phone":"+1 (926) 582-3441", "address":"925 Fay Court, Celeryville, Virginia, 225", "about":"Excepteur est laboris esse ea deserunt eu qui anim exercitation cupidatat mollit tempor dolore ipsum. Ea do duis incididunt sunt non incididunt velit. Est officia sint qui commodo aute laboris eu consequat sint esse sit. Dolore voluptate nisi excepteur et eiusmod.\r\n", "features":["Translink", "Quilm"], "industry":"Danja", "postalCode":94248, "registered":"2016-04-21T01:40:14 +07:00"}, "geometry":{"type":"Point", "coordinates":[-60.974, -59.2123]}}