{"type":"Feature", "properties":{"_id":"5792454fe2dc0ff57c554a36", "age":22, "eyeColor":"green", "name":"Hutchinson Conley", "gender":"male", "company":"GOKO", "email":"hutchinsonconley@goko.com", "phone":"+1 (894) 589-2304", "address":"306 Hudson Avenue, Fresno, Washington, 297", "about":"Et ipsum nisi voluptate aliquip Lorem nulla ut excepteur non anim sit. Cupidatat qui eiusmod do duis aliqua aute pariatur aute deserunt. Ipsum sit duis anim ex id nisi eiusmod fugiat et magna proident. Non reprehenderit consectetur nostrud mollit. Cillum non ut occaecat dolore esse consequat commodo voluptate consequat fugiat eiusmod nisi eiusmod.\r\n", "features":["Cubix"], "industry":"Ginkogene", "postalCode":89341, "registered":"2015-11-29T11:41:17 +08:00"}, "geometry":{"type":"Point", "coordinates":[-11.8298, 69.6381]}}