{"type":"Feature", "properties":{"_id":"5792454ffebf0a405c74e8df", "age":24, "eyeColor":"green", "name":"Melanie Moody", "gender":"female", "company":"EYEWAX", "email":"melaniemoody@eyewax.com", "phone":"+1 (822) 569-3462", "address":"167 Suydam Place, Cutter, North Dakota, 6266", "about":"Voluptate reprehenderit nisi cillum id excepteur dolore proident reprehenderit. Ullamco Lorem sit cupidatat eu pariatur minim cillum anim. Eu ad laboris non minim enim adipisicing est et eiusmod proident amet fugiat. Est excepteur fugiat irure culpa mollit consectetur ipsum ex adipisicing dolore esse.\r\n", "features":["Multiflex", "Vurbo"], "industry":"Comverges", "postalCode":97356, "registered":"2016-02-05T02:59:29 +08:00"}, "geometry":{"type":"Point", "coordinates":[161.0515, 29.6388]}}