{"type":"Feature", "properties":{"_id":"5792454e6df7ca6ba93362e1", "age":25, "eyeColor":"green", "name":"Hanson Buchanan", "gender":"male", "company":"EARTHWAX", "email":"hansonbuchanan@earthwax.com", "phone":"+1 (970) 586-3686", "address":"611 Gerald Court, Newkirk, Kansas, 833", "about":"Dolor laborum est cillum ea cupidatat laborum aliqua adipisicing commodo mollit dolore labore. Mollit ipsum et velit nisi ad officia ea. Dolor ipsum proident mollit fugiat labore tempor pariatur ex. Dolor irure commodo reprehenderit excepteur velit minim.\r\n", "features":["Inear", "Lexicondo"], "industry":"Techade", "postalCode":92059, "registered":"2015-11-07T05:22:41 +08:00"}, "geometry":{"type":"Point", "coordinates":[-153.9183, 22.2068]}}