{"type":"Feature", "properties":{"_id":"5792454f5ecff45bcae80b39", "age":37, "eyeColor":"green", "name":"Medina Spears", "gender":"male", "company":"XELEGYL", "email":"medinaspears@xelegyl.com", "phone":"+1 (862) 571-3244", "address":"560 Seagate Terrace, Keyport, Illinois, 3210", "about":"Culpa est nisi ea sit deserunt enim culpa officia non sit magna do. Cillum ea non consequat et nisi ex excepteur consectetur. Ullamco in tempor enim dolore labore id culpa mollit proident fugiat exercitation. Quis officia aliquip elit sint ad esse reprehenderit in ex. Consequat anim irure non excepteur adipisicing aute.\r\n", "features":[], "industry":"Digigene", "postalCode":91558, "registered":"2015-10-05T05:52:41 +07:00"}, "geometry":{"type":"Point", "coordinates":[138.0034, 9.5116]}}