{"type":"Feature", "properties":{"_id":"5792454f2994c714a32d5467", "age":22, "eyeColor":"brown", "name":"Geneva Strickland", "gender":"female", "company":"QUIZKA", "email":"genevastrickland@quizka.com", "phone":"+1 (995) 437-3329", "address":"825 Nelson Street, Gerber, New Jersey, 9610", "about":"Incididunt commodo reprehenderit laboris cupidatat. Et ipsum culpa ea ullamco esse id sunt est occaecat sint. Do nisi anim et pariatur. Culpa commodo fugiat nisi adipisicing in consequat ea. Veniam sunt Lorem pariatur exercitation. Id irure ut aute reprehenderit adipisicing. Magna tempor id ad proident ad ullamco deserunt cupidatat laborum tempor veniam.\r\n", "features":["Plexia", "Digique", "Digifad", "Zillar"], "industry":"Xurban", "postalCode":98658, "registered":"2014-05-31T10:48:48 +07:00"}, "geometry":{"type":"Point", "coordinates":[-23.2099, 0.7337]}}