{"type":"Feature", "properties":{"_id":"5792454fb5146b122ff86b48", "age":24, "eyeColor":"brown", "name":"Sherrie Wong", "gender":"female", "company":"BEZAL", "email":"sherriewong@bezal.com", "phone":"+1 (902) 496-2633", "address":"785 Seeley Street, Brewster, American Samoa, 585", "about":"Duis laboris ad id sit ut ad in laborum esse culpa in pariatur. Sunt est esse commodo ad labore exercitation tempor id dolor exercitation do elit ad. Pariatur consectetur duis officia id occaecat elit ullamco excepteur id in non occaecat nisi culpa. Incididunt dolore culpa reprehenderit adipisicing irure incididunt eu anim dolor reprehenderit exercitation. Qui elit ut occaecat ad Lorem laborum velit ut cupidatat esse magna est. Sunt labore ea exercitation magna quis commodo sint incididunt nostrud magna non in proident ea. Excepteur commodo sunt est nulla et non qui eu aliqua sint ea et consequat ea.\r\n", "features":["Optyk", "Columella", "Corecom", "Springbee"], "industry":"Vinch", "postalCode":97951, "registered":"2016-04-05T09:37:01 +07:00"}, "geometry":{"type":"Point", "coordinates":[-68.7197, -7.7455]}}