{"type":"Feature", "properties":{"_id":"5792454f2443e3e32eba7a0b", "age":37, "eyeColor":"green", "name":"Bonnie Snider", "gender":"female", "company":"OPTICOM", "email":"bonniesnider@opticom.com", "phone":"+1 (828) 528-2192", "address":"106 Kensington Street, Zortman, Wyoming, 8069", "about":"Enim officia minim laborum consectetur magna reprehenderit esse dolor. Non officia consectetur magna sit. Nostrud in ipsum laborum commodo est laborum. Eiusmod irure aliquip aliqua consequat adipisicing veniam id adipisicing sunt aute adipisicing nostrud incididunt. Dolor laborum non tempor amet nostrud ut ea. Consequat incididunt incididunt sit mollit reprehenderit velit nulla esse exercitation incididunt aliquip do.\r\n", "features":["Ecraze", "Aquacine", "Emoltra", "Imperium"], "industry":"Interodeo", "postalCode":96449, "registered":"2014-12-07T10:18:55 +08:00"}, "geometry":{"type":"Point", "coordinates":[-95.0257, -34.2042]}}