{"type":"Feature", "properties":{"_id":"5792454e7057ac85a4adb2a9", "age":22, "eyeColor":"blue", "name":"Phillips King", "gender":"male", "company":"BIOTICA", "email":"phillipsking@biotica.com", "phone":"+1 (846) 459-3295", "address":"481 Brooklyn Avenue, Orovada, American Samoa, 3011", "about":"Deserunt in in id cupidatat qui consectetur cillum excepteur. Et nisi id aliquip sunt quis magna ex non officia. Culpa excepteur tempor nulla qui commodo incididunt ea amet eiusmod nulla officia sint. Quis magna veniam nulla id cillum velit dolore aliquip excepteur fugiat.\r\n", "features":["Applidec", "Ezentia", "Mantrix", "Fanfare"], "industry":"Undertap", "postalCode":90442, "registered":"2014-08-04T04:07:04 +07:00"}, "geometry":{"type":"Point", "coordinates":[120.4982, 31.408]}}