{"type":"Feature", "properties":{"_id":"5792454f71024657aff572a7", "age":35, "eyeColor":"brown", "name":"Twila Hayden", "gender":"female", "company":"SENMAO", "email":"twilahayden@senmao.com", "phone":"+1 (810) 402-2108", "address":"769 Love Lane, Clara, Connecticut, 147", "about":"Officia esse aliquip eiusmod sint irure quis qui aliqua labore aliqua. Elit deserunt cillum qui non duis. Ut proident reprehenderit consequat enim occaecat cupidatat nisi deserunt eu ipsum enim elit. Officia adipisicing eiusmod quis fugiat exercitation dolore culpa irure velit adipisicing proident sunt. Velit ipsum nisi sint exercitation esse adipisicing minim minim ipsum ea ad ullamco ullamco est. Veniam duis est ad aliqua enim non magna Lorem eiusmod laborum. Pariatur laborum ea tempor dolor fugiat dolore ipsum tempor tempor nulla eiusmod.\r\n", "features":[], "industry":"Recognia", "postalCode":82745, "registered":"2015-12-24T11:52:17 +08:00"}, "geometry":{"type":"Point", "coordinates":[18.1233, 82.3606]}}