{"type":"Feature", "properties":{"_id":"5792454f7b249b217036bb94", "age":30, "eyeColor":"green", "name":"Adrian Berger", "gender":"female", "company":"KANGLE", "email":"adrianberger@kangle.com", "phone":"+1 (957) 550-2961", "address":"800 Murdock Court, Lemoyne, Alabama, 4993", "about":"Quis voluptate elit non cillum sint proident ullamco proident. Incididunt occaecat pariatur tempor est ea veniam sit voluptate officia aliqua ea in elit cillum. Voluptate tempor est elit laboris cillum. Ut fugiat aliqua velit laboris exercitation deserunt commodo nisi est fugiat nulla ullamco consequat. Fugiat amet aliqua magna aliqua tempor ut deserunt nulla deserunt fugiat consequat. Proident tempor officia voluptate nulla ullamco consequat reprehenderit nulla reprehenderit deserunt.\r\n", "features":["Circum"], "industry":"Deminimum", "postalCode":99151, "registered":"2014-12-20T03:10:07 +08:00"}, "geometry":{"type":"Point", "coordinates":[-132.1409, -70.5941]}}