{"type":"Feature", "properties":{"_id":"5792454f024c9de485a6bb52", "age":36, "eyeColor":"brown", "name":"Andrea Herring", "gender":"female", "company":"COMCUR", "email":"andreaherring@comcur.com", "phone":"+1 (969) 587-3915", "address":"519 Engert Avenue, Glenshaw, Colorado, 357", "about":"Tempor sit culpa Lorem sit. Duis et ipsum exercitation ipsum velit sunt. Irure laborum enim minim ut officia cillum et do occaecat ex velit. Ullamco nostrud sit enim cillum ipsum officia excepteur. Pariatur dolore do velit reprehenderit sunt dolore mollit magna officia nulla.\r\n", "features":[], "industry":"Geekmosis", "postalCode":87841, "registered":"2016-06-15T11:32:27 +07:00"}, "geometry":{"type":"Point", "coordinates":[3.5147, 30.2965]}}