{"type":"Feature", "properties":{"_id":"5792454f43067a456e4ba9a8", "age":35, "eyeColor":"brown", "name":"Bobbi Eaton", "gender":"female", "company":"DYMI", "email":"bobbieaton@dymi.com", "phone":"+1 (962) 579-3904", "address":"349 Montgomery Place, Boling, Nebraska, 6069", "about":"Aute reprehenderit aliqua enim nulla sunt ut. Officia id irure nisi ullamco dolore eu nisi. Pariatur est incididunt id do. Consectetur enim officia non aliquip aliqua deserunt quis enim.\r\n", "features":["Kenegy", "Hometown", "Sentia", "Vitricomp"], "industry":"Digigen", "postalCode":84550, "registered":"2015-01-21T04:29:42 +08:00"}, "geometry":{"type":"Point", "coordinates":[108.7102, -75.4414]}}