{"type":"Feature", "properties":{"_id":"5792454fd122e9cdb76b5bd4", "age":27, "eyeColor":"brown", "name":"Jerry Tyson", "gender":"female", "company":"EQUITOX", "email":"jerrytyson@equitox.com", "phone":"+1 (803) 594-3968", "address":"636 Bryant Street, Savannah, New York, 5024", "about":"Ipsum ex duis aute adipisicing voluptate aliqua ullamco ipsum laboris do aliquip id. Deserunt occaecat in fugiat dolor id pariatur consectetur cupidatat laboris ad incididunt exercitation mollit amet. Aliquip elit et fugiat dolore nisi ipsum. Velit consectetur irure reprehenderit ullamco ad Lorem.\r\n", "features":["Dancity", "Emtrak", "Zilphur", "Menbrain"], "industry":"Delphide", "postalCode":93552, "registered":"2014-09-18T10:08:25 +07:00"}, "geometry":{"type":"Point", "coordinates":[-71.951, -41.8223]}}