{"type":"Feature", "properties":{"_id":"5792454f89f3925281839d86", "age":31, "eyeColor":"brown", "name":"Ferrell Mcdowell", "gender":"male", "company":"ISODRIVE", "email":"ferrellmcdowell@isodrive.com", "phone":"+1 (885) 584-2683", "address":"618 Albemarle Road, Frank, Maine, 1577", "about":"Mollit quis id id culpa do voluptate duis adipisicing ad elit. Eu ullamco consequat dolor sit minim occaecat ipsum adipisicing eu eu aute officia aliqua. Voluptate magna sit do irure anim officia laboris Lorem. Eu incididunt ex aute voluptate ut Lorem laboris dolor irure aliqua aliquip tempor amet mollit. Sit esse consequat ex cupidatat nostrud incididunt duis excepteur dolore in eiusmod non duis fugiat. Nostrud tempor ex officia dolor.\r\n", "features":["Cemention"], "industry":"Collaire", "postalCode":98750, "registered":"2015-03-07T11:04:14 +08:00"}, "geometry":{"type":"Point", "coordinates":[32.3349, -54.2553]}}