{"type":"Feature", "properties":{"_id":"5792454f9651e30efc055390", "age":34, "eyeColor":"blue", "name":"Oneill Mcfadden", "gender":"male", "company":"OATFARM", "email":"oneillmcfadden@oatfarm.com", "phone":"+1 (868) 566-2392", "address":"776 Georgia Avenue, Cataract, North Carolina, 4470", "about":"Veniam ullamco elit non ea veniam irure elit ullamco nostrud consectetur. Elit aute quis officia eiusmod nostrud. Voluptate id sunt enim minim cillum laborum amet reprehenderit labore. Do minim non dolor est ipsum cillum laborum sit culpa occaecat cupidatat eu excepteur.\r\n", "features":["Dognost", "Ramjob", "Electonic", "Inventure"], "industry":"Hinway", "postalCode":87257, "registered":"2015-11-15T11:43:09 +08:00"}, "geometry":{"type":"Point", "coordinates":[50.5513, -83.5059]}}