{"type":"Feature", "properties":{"_id":"5792454f798fb6e55c4e51e2", "age":20, "eyeColor":"brown", "name":"Alston Hunter", "gender":"male", "company":"QOT", "email":"alstonhunter@qot.com", "phone":"+1 (825) 415-3274", "address":"222 Lincoln Place, Salvo, Puerto Rico, 1762", "about":"Elit occaecat fugiat eiusmod elit non do. Laborum labore laboris nulla eu in cillum Lorem sunt do proident dolor. Irure id qui id minim dolor ut culpa mollit. Velit Lorem reprehenderit non reprehenderit dolor dolore. Proident enim in fugiat occaecat veniam nisi dolore. Aliquip minim aliqua deserunt ullamco velit enim qui ipsum aute labore veniam sunt.\r\n", "features":["Corpulse", "Namegen", "Protodyne", "Mitroc"], "industry":"Ludak", "postalCode":81453, "registered":"2015-04-15T08:05:08 +07:00"}, "geometry":{"type":"Point", "coordinates":[9.7438, 62.6217]}}