{"type":"Feature", "properties":{"_id":"5792454f6adb202c542175f8", "age":30, "eyeColor":"green", "name":"Maria Mcneil", "gender":"female", "company":"MANGLO", "email":"mariamcneil@manglo.com", "phone":"+1 (882) 455-2358", "address":"296 Clarkson Avenue, Conway, District Of Columbia, 5120", "about":"Incididunt elit aliqua adipisicing dolor do sunt aute labore. Proident laborum laboris fugiat non ad consequat nulla Lorem enim aliqua laborum do. Dolore incididunt ex cupidatat amet exercitation velit laboris quis est nulla non.\r\n", "features":["Zensus"], "industry":"Maroptic", "postalCode":98645, "registered":"2016-03-01T03:15:51 +08:00"}, "geometry":{"type":"Point", "coordinates":[66.1353, 10.9108]}}