{"type":"Feature", "properties":{"_id":"5792454e34e201b54e41fe5b", "age":21, "eyeColor":"green", "name":"Sawyer Ayala", "gender":"male", "company":"FLYBOYZ", "email":"sawyerayala@flyboyz.com", "phone":"+1 (827) 505-2071", "address":"708 Grant Avenue, Waumandee, Connecticut, 2279", "about":"Do sunt enim qui ullamco. Ullamco deserunt proident culpa velit. Id eiusmod id nulla pariatur fugiat commodo cillum in labore do ad excepteur culpa eiusmod. Reprehenderit fugiat sit minim nulla laborum consectetur adipisicing et tempor esse deserunt cupidatat eiusmod reprehenderit. Et pariatur aute deserunt deserunt fugiat ea dolore officia esse eu ad amet incididunt. Nisi pariatur ex commodo laboris et dolor nulla irure eiusmod.\r\n", "features":[], "industry":"Permadyne", "postalCode":90148, "registered":"2014-09-11T11:29:14 +07:00"}, "geometry":{"type":"Point", "coordinates":[-172.2207, -77.0876]}}