{"type":"Feature", "properties":{"_id":"5792454f7c7de1f4b5589bbf", "age":23, "eyeColor":"green", "name":"Sandra Parks", "gender":"female", "company":"COMTEST", "email":"sandraparks@comtest.com", "phone":"+1 (878) 559-3369", "address":"444 Ide Court, Gilgo, California, 4100", "about":"Ad aute adipisicing quis mollit. Reprehenderit et sint ea id veniam veniam. Non Lorem dolore tempor culpa sint Lorem incididunt. Ex eu aute minim occaecat ut nostrud. Consectetur qui et nostrud deserunt minim fugiat id ea. Et elit elit sunt quis amet.\r\n", "features":["Bedlam", "Grupoli", "Boink", "Cyclonica"], "industry":"Filodyne", "postalCode":90351, "registered":"2016-04-13T04:12:54 +07:00"}, "geometry":{"type":"Point", "coordinates":[38.43, 67.7922]}}