{"type":"Feature", "properties":{"_id":"5792454fbbd5906e735cfda1", "age":26, "eyeColor":"green", "name":"Marguerite Thomas", "gender":"female", "company":"NETAGY", "email":"margueritethomas@netagy.com", "phone":"+1 (992) 531-2751", "address":"837 Putnam Avenue, Oasis, Palau, 5112", "about":"Officia duis est occaecat velit laborum. Sunt in nulla et adipisicing adipisicing ut proident sunt. Dolor adipisicing est in minim ipsum voluptate laboris nostrud nulla ipsum pariatur eu. Ut nisi eu dolore ex nostrud fugiat. Ad adipisicing laborum eu veniam pariatur magna ex culpa esse ea.\r\n", "features":["Sportan", "Accuprint", "Typhonica", "Calcu"], "industry":"Satiance", "postalCode":90645, "registered":"2014-02-03T10:00:32 +08:00"}, "geometry":{"type":"Point", "coordinates":[-166.3573, 70.3563]}}