{"type":"Feature", "properties":{"_id":"5792454fec70d2d9f85428a5", "age":35, "eyeColor":"green", "name":"Rebekah Goff", "gender":"female", "company":"ENOMEN", "email":"rebekahgoff@enomen.com", "phone":"+1 (949) 581-2561", "address":"482 Monitor Street, Coventry, Missouri, 2769", "about":"Eiusmod consectetur Lorem ut do laborum nostrud tempor. Irure mollit minim fugiat anim qui nulla minim exercitation officia aliqua ea esse cillum sint. Eiusmod deserunt exercitation veniam consectetur aliqua duis enim est duis proident aute Lorem ea sunt. Commodo amet mollit consequat ut irure aute ex incididunt mollit eu nisi reprehenderit. Ad ipsum commodo ex ipsum duis excepteur nisi magna aute duis incididunt duis.\r\n", "features":[], "industry":"Myopium", "postalCode":94046, "registered":"2016-06-12T03:55:51 +07:00"}, "geometry":{"type":"Point", "coordinates":[-12.2707, -23.1279]}}