{"type":"Feature", "properties":{"_id":"5792454f0d875570481db98d", "age":34, "eyeColor":"green", "name":"Ronda Boyle", "gender":"female", "company":"MAINELAND", "email":"rondaboyle@maineland.com", "phone":"+1 (887) 533-3263", "address":"314 Oak Street, Somerset, Alaska, 7113", "about":"Quis fugiat consectetur anim reprehenderit ipsum esse eu nisi est in consectetur nisi cupidatat. Eiusmod labore officia et enim mollit sint cillum. Aliquip tempor adipisicing aute aliqua dolor.\r\n", "features":[], "industry":"Manufact", "postalCode":99946, "registered":"2015-01-30T03:13:19 +08:00"}, "geometry":{"type":"Point", "coordinates":[136.1674, -88.2751]}}