{"type":"Feature", "properties":{"_id":"5792454f5cdcee0c87f1d014", "age":36, "eyeColor":"brown", "name":"Gwendolyn Richard", "gender":"female", "company":"PARAGONIA", "email":"gwendolynrichard@paragonia.com", "phone":"+1 (804) 550-3451", "address":"951 Ira Court, Alfarata, Arkansas, 4019", "about":"Commodo elit in eiusmod officia sit. Non laborum nulla cupidatat magna aliqua non est. In irure aute elit qui labore ullamco veniam velit fugiat duis consectetur non id dolore. Nostrud id excepteur eiusmod velit officia ipsum exercitation amet. Irure veniam excepteur officia ex ex ipsum aliqua commodo mollit. Id aliqua reprehenderit sit fugiat aliquip esse mollit quis.\r\n", "features":[], "industry":"Singavera", "postalCode":93152, "registered":"2015-04-09T06:09:16 +07:00"}, "geometry":{"type":"Point", "coordinates":[-12.8144, -14.0698]}}