{"type":"Feature", "properties":{"_id":"5792454f532c54e2fc31c969", "age":21, "eyeColor":"blue", "name":"Cherry Garrison", "gender":"male", "company":"COMVEYER", "email":"cherrygarrison@comveyer.com", "phone":"+1 (816) 474-3705", "address":"127 Rodney Street, Turah, Texas, 9778", "about":"Mollit velit adipisicing qui laborum voluptate nisi deserunt nulla anim officia. Adipisicing enim consectetur ullamco irure occaecat officia nisi culpa esse eu magna. Ullamco eu excepteur do esse proident aliqua. Dolore nostrud ullamco culpa nisi labore.\r\n", "features":["Zoid", "Luxuria", "Genesynk", "Boilicon"], "industry":"Greeker", "postalCode":85240, "registered":"2014-04-01T06:22:40 +07:00"}, "geometry":{"type":"Point", "coordinates":[89.1822, -80.3953]}}