{"type":"Feature", "properties":{"_id":"5792454f6fcb51be9fa8a2e0", "age":30, "eyeColor":"blue", "name":"Verna Stuart", "gender":"female", "company":"ZOLAR", "email":"vernastuart@zolar.com", "phone":"+1 (901) 485-2304", "address":"913 Fillmore Avenue, Longbranch, Mississippi, 3535", "about":"Aliquip nulla sint consectetur veniam dolore et mollit ipsum deserunt ad. Ad fugiat Lorem reprehenderit fugiat consectetur esse eu ullamco nostrud ullamco. Ex voluptate consequat elit nulla eiusmod. Excepteur cupidatat cupidatat officia ut est voluptate exercitation aliqua. Incididunt minim sit deserunt excepteur consequat nisi. Enim aliqua veniam incididunt occaecat eu velit enim. Reprehenderit dolor aliquip occaecat esse.\r\n", "features":["Prosely", "Supremia"], "industry":"Parleynet", "postalCode":85754, "registered":"2014-07-03T10:47:00 +07:00"}, "geometry":{"type":"Point", "coordinates":[-179.1763, 61.7578]}}