{"type":"Feature", "properties":{"_id":"5792454f928b20fa277ba557", "age":22, "eyeColor":"blue", "name":"Roach Rhodes", "gender":"male", "company":"NIMON", "email":"roachrhodes@nimon.com", "phone":"+1 (812) 554-3208", "address":"328 Cranberry Street, Vicksburg, Florida, 4450", "about":"Amet veniam velit velit veniam magna id laborum sunt id. Sunt aliqua laboris veniam ad laboris sint elit commodo. Adipisicing aliqua incididunt labore pariatur duis duis laboris. Irure consequat enim ipsum reprehenderit laboris magna reprehenderit incididunt mollit amet excepteur dolor nostrud sit. Occaecat incididunt anim quis anim aliqua ad duis commodo velit dolore nulla adipisicing aute amet. Incididunt velit sit occaecat minim. Aliquip minim adipisicing sit cupidatat tempor Lorem mollit.\r\n", "features":["Assistix"], "industry":"Blanet", "postalCode":97255, "registered":"2014-01-13T04:52:39 +08:00"}, "geometry":{"type":"Point", "coordinates":[-162.3455, 29.1663]}}