{"type":"Feature", "properties":{"_id":"5792454fb05c642194f0614f", "age":31, "eyeColor":"green", "name":"Connie Hamilton", "gender":"female", "company":"BUZZOPIA", "email":"conniehamilton@buzzopia.com", "phone":"+1 (812) 556-3136", "address":"605 Rutland Road, Siglerville, Arizona, 2664", "about":"Veniam tempor cillum consectetur consequat ullamco commodo pariatur laborum dolore irure excepteur in velit. Pariatur anim nulla magna esse aliquip id sunt aute esse ut irure aute ad qui. Minim do nisi consectetur eu voluptate veniam consectetur cillum est incididunt ullamco consectetur id. Qui do ipsum anim consectetur aliquip culpa aute commodo consectetur laboris incididunt eu. Adipisicing ea ad consequat cillum aute. Deserunt veniam occaecat cillum quis. Reprehenderit et quis magna laborum aliqua occaecat esse nostrud.\r\n", "features":[], "industry":"Pigzart", "postalCode":94659, "registered":"2016-07-21T07:17:27 +07:00"}, "geometry":{"type":"Point", "coordinates":[14.218, 74.0738]}}