{"type":"Feature", "properties":{"_id":"5792454f74fe8b6ca931f102", "age":22, "eyeColor":"brown", "name":"Rae Dixon", "gender":"female", "company":"NORALEX", "email":"raedixon@noralex.com", "phone":"+1 (998) 546-2201", "address":"136 Heyward Street, Kiskimere, Montana, 7302", "about":"In ullamco non proident labore pariatur eiusmod labore sint occaecat cupidatat amet veniam ex pariatur. Nisi ut laboris Lorem cillum id elit non in ullamco amet id anim. Adipisicing ut minim sunt laboris deserunt commodo consectetur irure excepteur exercitation.\r\n", "features":["Katakana", "Portalis", "Xiix", "Vantage"], "industry":"Dyno", "postalCode":80946, "registered":"2014-12-12T10:07:24 +08:00"}, "geometry":{"type":"Point", "coordinates":[125.4746, 51.485]}}