{"type":"Feature", "properties":{"_id":"5792454e28a6bdcbefa43c2d", "age":39, "eyeColor":"blue", "name":"Morales Carney", "gender":"male", "company":"KOFFEE", "email":"moralescarney@koffee.com", "phone":"+1 (912) 491-2714", "address":"244 Sumner Place, Shasta, Federated States Of Micronesia, 1316", "about":"Irure non ullamco eiusmod ea cupidatat nisi. Mollit ea occaecat do non consequat adipisicing quis anim. Sit duis qui officia et dolor voluptate aliqua ullamco laborum commodo ad.\r\n", "features":["Eventage"], "industry":"Elpro", "postalCode":88351, "registered":"2016-05-08T10:17:05 +07:00"}, "geometry":{"type":"Point", "coordinates":[-38.7645, -43.6087]}}